ticker,currentPrice,beta,marketCap,volume,dividendYield,sector_Communication Services,sector_Consumer Cyclical,sector_Consumer Defensive,sector_Energy,sector_Financial Services,sector_Healthcare,sector_Industrials,sector_Real Estate,sector_Technology,sector_Utilities,return,volatility
MMM,151.2,1.079,80533659648,4033766,1.93,False,False,False,False,False,False,True,False,False,False,-0.00018026601003342542,0.010688460459111603
AOS,71.1,1.203,10103949312,1349794,1.91,False,False,False,False,False,False,True,False,False,False,-0.0019088121311994454,0.011209019253139205
ABT,125.73,0.732,218750091264,6060051,1.88,False,False,False,False,False,True,False,False,False,False,-0.0008122331266863552,0.008182646879339317
ABBV,187.11,0.481,330511089664,4427238,3.51,False,False,False,False,False,True,False,False,False,False,0.0024737274295810454,0.013036473379843316
ACN,286.96,1.293,178733891584,3613485,2.06,False,False,False,False,False,False,False,False,True,False,-0.00016823413805368392,0.016957494335675748
ADBE,372.87,1.509,158171447296,2444103,0.0,False,False,False,False,False,False,False,False,True,False,-0.004132352352493967,0.030514770760136176
AMD,154.72,2.045,250863026176,48277494,0.0,False,False,False,False,False,False,False,False,True,False,-0.0036826736590761452,0.021528166619762198
AES,13.81,0.941,9831657472,10976039,5.1,False,False,False,False,False,False,False,False,False,True,-0.002733773049385223,0.02035165984622345
AFL,102.7,0.798,55524237312,1563349,2.26,False,False,False,False,True,False,False,False,False,False,-0.002296927105429722,0.012163087858719522
A,116.19,1.232,33005512704,1400750,0.85,False,False,False,False,False,True,False,False,False,False,0.0019160780690224725,0.01334166925059671
APD,298.13,0.866,66347044864,739198,2.4,False,False,False,False,False,False,False,False,False,False,-0.0029732776681186826,0.011401103140912208
ABNB,139.43,1.135,86058000384,2783162,0.0,False,True,False,False,False,False,False,False,False,False,-0.00027534703009723786,0.018204455139746507
AKAM,80.4,0.775,11443814400,1087546,0.0,False,False,False,False,False,False,False,False,True,False,0.002995241171855983,0.015617658998370424
ALB,83.24,1.63,9794101248,6236966,1.95,False,False,False,False,False,False,False,False,False,False,-0.006021863389438378,0.027289273407328975
ARE,80.69,1.266,13775477760,2553883,6.54,False,False,False,False,False,False,False,True,False,False,-0.0021838351542702267,0.016190776541334703
ALGN,194.06,1.635,14066400256,645982,0.0,False,False,False,False,False,True,False,False,False,False,-0.002342473343655961,0.026095237492444894
ALLE,152.71,1.025,13140588544,1114277,1.34,False,False,False,False,False,False,True,False,False,False,-0.002122620721062653,0.00914165749005348
LNT,65.74,0.56,16887027712,2364056,3.09,False,False,False,False,False,False,False,False,False,True,-0.0010212821645738653,0.008011087687097096
ALL,197.43,0.325,52283015168,1413268,2.03,False,False,False,False,True,False,False,False,False,False,-0.0005521455763738149,0.013584944268185177
GOOGL,191.34,1.005,2326062956544,42462283,0.44,True,False,False,False,False,False,False,False,False,False,0.003137974859608847,0.022037203974130337
GOOG,192.11,1.005,2326067937280,24855464,0.44,True,False,False,False,False,False,False,False,False,False,0.003068271407851253,0.021533924410840857
MO,59.44,0.624,100123705344,8305130,6.86,False,False,True,False,False,False,False,False,False,False,-0.001601178895237621,0.009200465307892864
AMZN,227.47,1.337,2414912471040,34006926,0.0,False,True,False,False,False,False,False,False,False,False,0.002652267107280837,0.017185786978702468
AMCR,9.69,0.727,22203084800,16457328,5.26,False,True,False,False,False,False,False,False,False,False,-0.002337244243556762,0.014096223571028339
AEE,100.92,0.495,27360622592,1318854,2.81,False,False,False,False,False,False,False,False,False,True,-0.0005231897633868799,0.009320447363547849
AEP,110.16,0.404,58846924800,3500508,3.38,False,False,False,False,False,False,False,False,False,True,-0.0014428885642255214,0.008761305638482477
AXP,304.14,1.258,211645562880,1955312,1.08,False,False,False,False,True,False,False,False,False,False,0.0011331851019786355,0.014333528863711165
AIG,81.42,0.648,46924787712,3309413,2.21,False,False,False,False,True,False,False,False,False,False,-0.001149403077624962,0.01103212550962935
AMT,232.35,0.828,108771860480,2273981,2.93,False,False,False,False,False,False,False,True,False,False,-0.00199465091195566,0.015581242055999067
AWK,144.91,0.682,28259188736,902323,2.28,False,False,False,False,False,False,False,False,False,True,-0.002510975608998624,0.011080197185032906
AMP,536.58,1.221,51094601728,305356,1.19,False,False,False,False,True,False,False,False,False,False,-0.001827769852703562,0.010260846649871959
AME,179.2,1.097,41373515776,1088646,0.69,False,False,False,False,False,False,True,False,False,False,-0.0022454427784851113,0.009023379234599758
AMGN,305.69,0.48,164371349504,2519870,3.11,False,False,False,False,False,True,False,False,False,False,-0.002549825274286407,0.014375110227091354
APH,101.78,1.139,123113086976,8816042,0.65,False,False,False,False,False,False,False,False,True,False,-0.0004365742938328244,0.01579285899949544
ADI,235.5,1.018,116866400256,4874643,1.68,False,False,False,False,False,False,False,False,True,False,0.0011135076051720192,0.015100699233854748
AON,354.22,0.839,76490268672,1514867,0.84,False,False,False,False,True,False,False,False,False,False,-0.0018177708223906758,0.008920414220534035
APA,18.74,1.25,6762234880,5834282,5.34,False,False,False,True,False,False,False,False,False,False,0.0010410681987444196,0.019302621733923664
APO,149.65,1.572,85524078592,2033069,1.36,False,False,False,False,True,False,False,False,False,False,0.0004046843540193915,0.019352483966273044
AAPL,214.4,1.199,3202235498496,44917713,0.49,False,False,False,False,False,False,False,False,True,False,0.0035679699903743826,0.009181502364515693
AMAT,187.14,1.688,150179479552,6965751,0.98,False,False,False,False,False,False,False,False,True,False,-0.0011787283870832138,0.019143408252241215
ACGL,89.0,0.491,33353195520,2465956,0.0,False,False,False,False,True,False,False,False,False,False,-0.0015790397470321997,0.012467231870031919
ADM,55.41,0.673,26621732864,2332997,3.68,False,False,True,False,False,False,False,False,False,False,-0.0015039455013413883,0.012717464481103846
ANET,109.78,1.404,137874898944,6677394,0.0,False,False,False,False,False,False,False,False,True,False,0.005542775114249876,0.022687142561631277
AJG,312.41,0.713,79993520128,910889,0.83,False,False,False,False,True,False,False,False,False,False,-0.0011708727174982293,0.01221867387290056
AIZ,188.22,0.585,9543187456,215735,1.7,False,False,False,False,True,False,False,False,False,False,-0.0007450245021931826,0.01157225417063025
T,27.42,0.609,197444288512,29588369,4.05,True,False,False,False,False,False,False,False,False,False,0.00013201332805716192,0.013849845339557387
ATO,158.78,0.692,25220136960,338921,2.19,False,False,False,False,False,False,False,False,False,True,-0.0011248430694099643,0.01087664822890152
ADSK,299.43,1.444,64061546496,1197529,0.0,False,False,False,False,False,False,False,False,True,False,-0.00040131264091435893,0.020754298736560966
ADP,302.98,0.77,122986553344,1026343,2.03,False,False,False,False,False,False,False,False,True,False,-0.0003821947398554495,0.009400398537883162
AZO,3773.71,0.389,63129260032,90820,0.0,False,True,False,False,False,False,False,False,False,False,0.0009982468909312486,0.012688108599690592
AVB,204.51,0.856,29115678720,662400,3.42,False,False,False,False,False,False,False,True,False,False,-0.0011418306846925027,0.010503654108824046
AVY,181.67,0.6254420756951563,14202161152,855568,2.07,False,True,False,False,False,False,False,False,False,False,-0.0016933650708193064,0.010282788806194133
AXON,720.74,1.288,56110186496,756382,0.0,False,False,False,False,False,False,True,False,False,False,-0.000280926225054303,0.023462710734554124
BKR,40.02,0.894,39649816576,12994575,2.3,False,False,False,True,False,False,False,False,False,False,-0.0015248012860002971,0.014380191320466118
BALL,59.7,1.085,16561853440,1765860,1.34,False,True,False,False,False,False,False,False,False,False,-0.003221492384082533,0.015471009801130439
BAC,47.77,1.31,355250208768,28240376,2.18,False,False,False,False,True,False,False,False,False,False,-0.001873812175244806,0.010511444693039875
BAX,27.51,0.609,14117444608,5647826,2.47,False,False,False,False,False,True,False,False,False,False,-0.002885684746309408,0.015554455031536995
BDX,181.28,0.277,51956117504,1581899,2.29,False,False,False,False,False,True,False,False,False,False,0.00041161304338660883,0.009216813150256822
BRK-B,478.13,0.818,1030135939072,4493844,0.0,False,False,False,False,True,False,False,False,False,False,-0.0012272742004894646,0.007643598429024973
BBY,68.15,1.261,14403299328,2903545,5.58,False,True,False,False,False,False,False,False,False,False,-0.00220822767582445,0.02021020168466452
TECH,53.12,1.384,8327463424,1595879,0.6,False,False,False,False,False,True,False,False,False,False,0.002130618923217214,0.019294999208886252
BIIB,127.85,0.141,18733604864,1318932,0.0,False,False,False,False,False,True,False,False,False,False,-0.0015065483586922635,0.013224687747297074
BLK,1100.39,1.424,170340368384,493329,1.89,False,False,False,False,True,False,False,False,False,False,-0.0005514207613252447,0.010687354263915656
BX,169.38,1.64,205496893440,3358408,2.39,False,False,False,False,True,False,False,False,False,False,-0.0016942108651210536,0.020400042954750213
XYZ,79.27,2.742,48752553984,31703406,0.0,False,False,False,False,False,False,False,False,True,False,0.00027172253888281815,0.03254510312736082
BK,98.9,1.066,69748334592,3236902,2.14,False,False,False,False,True,False,False,False,False,False,-0.0006274863699204142,0.010789835374217542
BKNG,5775.53,1.406,187937472512,143540,0.66,False,True,False,False,False,False,False,False,False,False,9.810372930258143e-06,0.014921455188124494
BSX,103.16,0.681,152620072960,6456951,0.0,False,False,False,False,False,True,False,False,False,False,0.000881075953101558,0.01191059922255109
BMY,48.02,0.371,97724538880,9587244,5.16,False,False,False,False,False,True,False,False,False,False,0.00020098328895003727,0.013581613017946985
AVGO,278.59,1.138,1310339760128,16034152,0.85,False,False,False,False,False,False,False,False,True,False,0.011458268350787622,0.05226431052361315
BR,244.1,0.955,28672718848,567221,1.44,False,False,False,False,False,False,False,False,True,False,-0.00012365121444449142,0.009404373115970732
BRO,103.24,0.82,34050306048,1323222,0.58,False,False,False,False,True,False,False,False,False,False,-0.0025255330235634836,0.011304851295872189
BF-B,30.19,0.55,14262268928,5301640,3.0,False,False,True,False,False,False,False,False,False,False,-0.002220257150733978,0.024987700813694093
BLDR,130.83,1.695,14458677248,2144865,0.0,False,False,False,False,False,False,True,False,False,False,-0.006990622812378821,0.0219247172174909
BG,75.68,0.653,15137286144,1371150,3.7,False,False,True,False,False,False,False,False,False,False,-0.004843105743173088,0.01293166767194387
BXP,71.12,1.174,12569963520,848626,5.51,False,False,False,False,False,False,False,True,False,False,-0.001375384792201774,0.019543232797405396
CHRW,98.94,0.897,11747245056,887949,2.51,False,False,False,False,False,False,True,False,False,False,-0.0019506130513453482,0.013123968363307195
CDNS,319.6,0.988,87264223232,1189173,0.0,False,False,False,False,False,False,False,False,True,False,0.0012144737347539447,0.01918487309269104
CZR,29.95,2.298,6228641792,4887597,0.0,False,True,False,False,False,False,False,False,False,False,-0.0034281322039060786,0.019966759893464015
CPT,115.69,0.78,12360088576,387300,3.63,False,False,False,False,False,False,False,True,False,False,-0.0007638292223013667,0.011638123810522424
CPB,32.21,0.08,9602766848,4729063,4.84,False,False,True,False,False,False,False,False,False,False,-0.0009957990457947726,0.016063518602826947
COF,217.42,1.149,139069440000,3691015,1.1,False,False,False,False,True,False,False,False,False,False,-0.001251084076511393,0.013920041463322786
CAH,157.1,0.689,37496156160,1976342,1.3,False,False,False,False,False,True,False,False,False,False,-0.00014343085892290237,0.011031729010601683
KMX,63.53,1.379,9534073856,2660855,0.0,False,True,False,False,False,False,False,False,False,False,0.0015564933366270287,0.019027054301401117
CARR,76.42,1.312,65189466112,3394761,1.18,False,False,False,False,False,False,True,False,False,False,-0.0028166100518526634,0.015283992447948432
CAT,417.19,1.38,196210720768,1798795,1.45,False,False,False,False,False,False,True,False,False,False,-0.0019027776920555162,0.012474271917441855
CBOE,241.18,0.424,25254680576,681328,1.04,False,False,False,False,True,False,False,False,False,False,-0.0008937468416437085,0.013647064793247194
CBRE,143.07,1.304,42649882624,1256848,0.0,False,False,False,False,False,False,False,True,False,False,0.00027021602119192944,0.016580274077906448
CDW,180.07,0.927,23712518144,668102,1.39,False,False,False,False,False,False,False,False,True,False,-0.0005639687544237368,0.012620368477413973
COR,292.97,0.568,56784326656,868148,0.75,False,False,False,False,False,True,False,False,False,False,-0.002232042591093934,0.008698786349678774
CNC,27.89,0.442,13878148096,16549794,0.0,False,False,False,False,False,True,False,False,False,False,0.0017625266068881853,0.017207437334580914
CNP,37.76,0.562,24647008256,5460293,2.33,False,False,False,False,False,False,False,False,False,True,0.0011491952439183265,0.010085255154290158
CF,91.72,0.941,14859557888,1971979,2.18,False,False,False,False,False,False,False,False,False,False,-0.000676782630231303,0.015835228286417525
CRL,163.36,1.498,8023540736,1743949,0.0,False,False,False,False,False,True,False,False,False,False,-0.0005622233678684122,0.018532201952411852
SCHW,95.39,0.926,173320765440,7327365,1.13,False,False,False,False,True,False,False,False,False,False,-0.002859819124209588,0.012667602117712904
CHTR,395.85,1.078,54084194304,1314362,0.0,True,False,False,False,False,False,False,False,False,False,-0.004266131643144241,0.022638881049557903
CVX,150.04,0.803,305065820160,25808235,4.56,False,False,False,True,False,False,False,False,False,False,-0.0032743612966048817,0.012147191691626282
CMG,52.38,1.079,70574718976,15883774,0.0,False,True,False,False,False,False,False,False,False,False,0.0009361853962241441,0.01719246585241559
CB,278.73,0.537,111700492288,1923829,1.39,False,False,False,False,True,False,False,False,False,False,-0.0012721068134063614,0.008496073840398731
CHD,98.11,0.501,24162236416,1840394,1.2,False,False,True,False,False,False,False,False,False,False,-0.001344556316200012,0.007956008773123175
CI,300.05,0.454,80156254208,1392149,2.01,False,False,False,False,False,True,False,False,False,False,-0.004932083876731169,0.02138884012339835
CINF,151.0,0.768,23601903616,371686,2.3,False,False,False,False,True,False,False,False,False,False,-0.0016341264579660157,0.0133251651043868
CTAS,219.68,1.042,88519614464,1315964,0.71,False,False,False,False,False,False,True,False,False,False,-0.005457413084072089,0.02577914873786882
CSCO,68.16,0.899,269913620480,14430846,2.41,False,False,False,False,False,False,False,False,True,False,0.0009944193888972443,0.00812907410649686
C,94.0,1.329,173044596736,12818682,2.55,False,False,False,False,True,False,False,False,False,False,0.000780968127486494,0.011427339539383673
CFG,49.13,1.089,21261940736,6142877,3.42,False,False,False,False,True,False,False,False,False,False,-0.002224522430842473,0.014112021808601036
CLX,129.78,0.504,15995773952,1122741,3.76,False,False,True,False,False,False,False,False,False,False,-0.0010564941588930082,0.008111326349132938
CME,274.64,0.455,98969001984,2673097,1.82,False,False,False,False,True,False,False,False,False,False,0.001991499071410532,0.010739162670211296
CMS,73.58,0.37,22009544704,1520064,2.95,False,False,False,False,False,False,False,False,False,True,-0.0007809795262555291,0.007789988658397447
KO,69.66,0.11741515817251212,299835457536,22003738,2.93,False,False,True,False,False,False,False,False,False,False,0.0005314340374606062,0.008518486499637169
CTSH,76.8,0.952,37857947648,2591629,1.61,False,False,False,False,False,False,False,False,True,False,3.9440046663044856e-05,0.01204306537246203
COIN,404.44,3.712,103012884480,14490303,0.0,False,False,False,False,True,False,False,False,False,False,-0.006948570027991898,0.04690482652281875
CL,88.7,0.371,71884251136,4210565,2.34,False,False,True,False,False,False,False,False,False,False,-0.0009577606845188407,0.008746160371984401
CMCSA,35.27,0.947,131687604224,14380809,3.74,True,False,False,False,False,False,False,False,False,False,-0.004442168046274736,0.021604294123785735
CAG,19.4,0.107,9262394368,10473599,7.22,False,False,True,False,False,False,False,False,False,False,0.001285739765835139,0.011200718804368837
COP,92.98,0.623,117378883584,4535681,3.36,False,False,False,True,False,False,False,False,False,False,-0.004150547216571789,0.014272906550753538
ED,103.59,0.242,37323063296,1379705,3.28,False,False,False,False,False,False,False,False,False,True,-0.002590124467098902,0.010140468872669187
STZ,175.36,0.664,30919649280,2298329,2.33,False,False,True,False,False,False,False,False,False,False,-0.0024015675903273194,0.012143389661824149
CEG,317.79,1.141,99600785408,1630656,0.49,False,False,False,False,False,False,False,False,False,True,-8.482139765985946e-05,0.027352667523095998
CPRT,46.39,1.071,44856160256,6639661,0.0,False,False,False,False,False,False,True,False,False,False,0.0004208374538139222,0.02178843755160252
GLW,54.02,1.097,46266560512,3864563,2.07,False,False,False,False,False,False,False,False,True,False,0.0007304485157179995,0.010919668595923367
CPAY,334.29,0.957,23565238272,374195,0.0,False,False,False,False,False,False,False,False,True,False,-0.0023702090241734955,0.012197562354238006
CTVA,73.75,0.755,50310037504,3732846,0.92,False,False,False,False,False,False,False,False,False,False,0.0011313407022652097,0.01716396123217266
CSGP,85.16,0.89,35927900160,4517999,0.0,False,False,False,False,False,False,False,True,False,False,0.0001586843035136396,0.022096928821655752
COST,941.61,0.961,417582350336,1788808,0.55,False,False,True,False,False,False,False,False,False,False,0.00033638297256655705,0.010823464130888524
CTRA,23.57,0.331,17990062080,7324004,3.73,False,False,False,True,False,False,False,False,False,False,-5.21651583848601e-05,0.01731468508149954
CRWD,471.23,1.157,117453135872,1924223,0.0,False,False,False,False,False,False,False,False,True,False,0.0005312553110364894,0.028509490726015458
CCI,110.25,0.898,48009355264,3734372,3.85,False,False,False,False,False,False,False,True,False,False,-0.003942518132415004,0.008625351834438721
CSX,35.23,1.23,66181316608,19808666,1.48,False,False,False,False,False,False,True,False,False,False,-0.0027210549159555047,0.011958126521406456
CMI,357.25,1.019,49212977152,1122595,2.24,False,False,False,False,False,False,True,False,False,False,-0.001078609195009486,0.010974347759521249
CVS,61.08,0.576,77267427328,6680949,4.35,False,False,False,False,False,True,False,False,False,False,-0.005655177620957933,0.027505568033158973
DHR,189.91,1.0411842021654807,135985430528,6407167,0.67,False,False,False,False,False,True,False,False,False,False,-9.873107934551855e-05,0.011339006695984765
DRI,209.26,0.737,24490534912,612457,2.87,False,True,False,False,False,False,False,False,False,False,0.003759132011630963,0.029608953448782435
DDOG,144.89,1.026,50038194176,3692661,0.0,False,False,False,False,False,False,False,False,True,False,0.0041693063522626715,0.03032021710569097
DVA,146.05,1.106,11038020608,830692,0.0,False,False,False,False,False,True,False,False,False,False,-0.0023201132379685047,0.01434371170825706
DAY,58.39,1.087,9335450624,1279200,0.0,False,False,False,False,False,False,False,False,True,False,-0.0008696137247510667,0.018052584814228348
DECK,105.69,0.991,15793891328,2640012,0.0,False,True,False,False,False,False,False,False,False,False,0.004836629439212663,0.0189558549279488
DE,505.69,1.085,136954511360,824095,1.28,False,False,False,False,False,False,True,False,False,False,0.0021337305662860353,0.02004401070845189
DELL,124.33,1.098,84094574592,5338557,1.69,False,False,False,False,False,False,False,False,True,False,-0.004435131339971868,0.032525811346511564
DAL,55.67,1.491,36349612032,7538134,1.35,False,False,False,False,False,False,True,False,False,False,-0.0019110944503567954,0.016809840842910075
DVN,32.81,1.06,21067300864,6160053,2.93,False,False,False,True,False,False,False,False,False,False,-0.005170660248175437,0.017821761927585594
DXCM,85.12,1.448,33376149504,1971004,0.0,False,False,False,False,False,True,False,False,False,False,0.0008200866890512116,0.021772036354337915
FANG,141.82,1.024,41435267072,1540350,3.69,False,False,False,True,False,False,False,False,False,False,-0.00250193082497597,0.016806153657876084
DLR,179.34,0.968,61538906112,1662366,2.72,False,False,False,False,False,False,False,True,False,False,-0.00021895010106984497,0.013356285494080175
DG,109.83,0.315,24170399744,2048614,2.15,False,False,True,False,False,False,False,False,False,False,-2.6368572608674105e-05,0.019025441023618115
DLTR,114.77,0.862,23952039936,4920839,0.0,False,False,True,False,False,False,False,False,False,False,0.005156155426098019,0.02211685439134764
D,58.51,0.551,49896800256,3105724,4.56,False,False,False,False,False,False,False,False,False,True,-0.0018800953145444194,0.009211369104039586
DPZ,480.97,1.093,16328402944,1148084,1.45,False,True,False,False,False,False,False,False,False,False,-0.0007282694787048931,0.015412590451056089
DASH,239.82,1.703,101622292480,1724044,0.0,False,True,False,False,False,False,False,False,False,False,-0.00033216810298800076,0.018452908244881272
DOV,189.54,1.259,25986691072,735488,1.09,False,False,False,False,False,False,True,False,False,False,-0.0022463696745152178,0.010250801078345802
DOW,29.66,0.857,20965527552,7962541,9.44,False,False,False,False,False,False,False,False,False,False,-0.0025722920762613066,0.014083105358346854
DHI,153.5,0.5462923682708534,45888057344,13088202,1.04,False,True,False,False,False,False,False,False,False,False,-0.004827667048937776,0.01791000732638701
DTE,139.55,0.438,28958859264,857470,3.12,False,False,False,False,False,False,False,False,False,True,0.00048363278907338845,0.008603150245506942
DUK,120.73,0.353,93838245888,2654574,3.53,False,False,False,False,False,False,False,False,False,True,-0.0013431544010616176,0.00932155761553303
DD,77.54,1.024,32450412544,2420558,2.12,False,False,False,False,False,False,False,False,False,False,-0.002211047991963916,0.00953027105394318
EMN,79.07,1.235,9129421824,1668521,4.2,False,False,False,False,False,False,False,False,False,False,-0.0032770017869299837,0.014032196202955649
ETN,372.65,1.156,145817944064,1609081,1.12,False,False,False,False,False,False,True,False,False,False,-0.002618374720587856,0.013360839308038934
EBAY,81.76,1.249,37678608384,4206328,1.42,False,True,False,False,False,False,False,False,False,False,0.00042121961280293017,0.013023885482576714
ECL,270.55,1.035,76704440320,1107272,0.96,False,False,False,False,False,False,False,False,False,False,-0.0014309804402919985,0.00950672125361586
EIX,52.03,0.754,20019269632,2370730,6.36,False,False,False,False,False,False,False,False,False,True,-0.001565845661246487,0.01087243036716903
EW,76.3,1.109,44757581824,4837850,0.0,False,False,False,False,False,True,False,False,False,False,0.0029499439365160514,0.016444212868885113
EA,157.02,0.733,39454732288,3204346,0.48,True,False,False,False,False,False,False,False,False,False,-0.003227546309319888,0.011753531752117859
ELV,281.72,0.612,63437148160,3240159,2.43,False,False,False,False,False,True,False,False,False,False,-0.002619343565842232,0.013627745911854746
EMR,144.34,1.283,81191239680,2279540,1.46,False,False,False,False,False,False,True,False,False,False,-0.0007578807966883711,0.012994223277885695
ENPH,42.5,1.666,5576297472,16642872,0.0,False,False,False,False,False,False,False,False,True,False,0.004771521408565363,0.03681890640731746
ETR,88.53,0.573,39514038272,2742620,2.71,False,False,False,False,False,False,False,False,False,True,0.000558600519988269,0.010041905818751135
EOG,117.93,0.776,64364662784,1635472,3.46,False,False,False,True,False,False,False,False,False,False,-0.003108211209115824,0.012012941276230546
EPAM,168.73,1.701,9559010304,579329,0.0,False,False,False,False,False,False,False,False,True,False,-0.00020890491518005822,0.01777859489341685
EQT,54.34,0.654,32529336320,13802299,1.16,False,False,False,True,False,False,False,False,False,False,0.0025532253119417416,0.02242849888050814
EFX,238.41,1.087049117787173,29515157504,2437225,0.84,False,False,False,False,False,False,True,False,False,False,0.0009233848668594513,0.018460947807054356
EQIX,800.55,0.915,78308999168,564559,2.34,False,False,False,False,False,False,False,True,False,False,0.001649380972150064,0.013323188022608852
EQR,68.32,0.897,26754658304,1735799,4.05,False,False,False,False,False,False,False,True,False,False,-0.0008393920221087311,0.012251345501187724
ERIE,364.1,0.34,19038752768,150502,1.5,False,False,False,False,True,False,False,False,False,False,0.000589813156063554,0.016098945924039612
ESS,292.06,0.791,20166625280,354598,3.52,False,False,False,False,False,False,False,True,False,False,-0.0018533390643963776,0.011524349023974
EL,89.0,1.167,32017928192,2663187,1.57,False,False,True,False,False,False,False,False,False,False,0.005566527879804198,0.020387643273709743
EG,337.02,0.504,14335044608,312641,2.37,False,False,False,False,True,False,False,False,False,False,-0.0006334115693141645,0.010644786401285754
EVRG,69.78,0.476,16055750656,3089289,3.83,False,False,False,False,False,False,False,False,False,True,-0.0008281492204206972,0.006745661181404642
ES,66.61,0.636,24471515136,1591276,4.52,False,False,False,False,False,False,False,False,False,True,-0.0020616615798259227,0.013589953239596027
EXC,44.45,0.467,44874051584,4625650,3.6,False,False,False,False,False,False,False,False,False,True,-0.0012770283636025998,0.010104170477158014
EXE,99.61,0.464,23705090048,4215067,2.31,False,False,False,True,False,False,False,False,False,False,0.0015629478291848409,0.013916929673862538
EXPE,189.44,1.577,24081803264,1398296,0.84,False,True,False,False,False,False,False,False,False,False,0.00090301191659346,0.014719913853286259
EXPD,114.33,1.057,15657265152,923693,1.35,False,False,False,False,False,False,True,False,False,False,-0.0025116301045723976,0.008424570863302129
EXR,151.33,1.108,33529430016,689146,4.28,False,False,False,False,False,False,False,True,False,False,-0.0028339084931202235,0.015429932124723135
XOM,108.54,0.469,467768344576,11035136,3.65,False,False,False,True,False,False,False,False,False,False,-0.0034527767821722548,0.01034629125676805
FFIV,297.82,1.002,17104279552,327699,0.0,False,False,False,False,False,False,False,False,True,False,0.0017847188181827906,0.00994365765291618
FDS,417.23,0.834,15774131200,328415,1.05,False,False,False,False,True,False,False,False,False,False,-0.00017940462893072112,0.01223250259958892
FAST,47.08,0.958,54030897152,6072105,1.87,False,False,False,False,False,False,True,False,False,False,-0.004315763310074086,0.009725883393340417
FRT,96.04,1.107,8342793728,413587,4.58,False,False,False,False,False,False,False,True,False,False,-0.0004700987646598431,0.011277355738440496
FDX,231.7,1.356,54657798144,1599474,2.5,False,False,False,False,False,False,True,False,False,False,-0.0013562011193291163,0.015227421019456205
FIS,81.64,1.073,42893246464,1645265,1.96,False,False,False,False,False,False,False,False,True,False,-0.0026485472869534235,0.01116115097679773
FITB,42.64,0.925,28471154688,11770456,3.47,False,False,False,False,True,False,False,False,False,False,-0.0032307338999346077,0.013114999330797326
FSLR,179.99,1.515,19302848512,1943162,0.0,False,False,False,False,False,False,False,False,True,False,-0.0025847647745979117,0.02546038400926729
FE,41.58,0.365,23998146560,2946226,4.28,False,False,False,False,False,False,False,False,False,True,-0.001419000106285123,0.008006271253948491
FI,165.98,0.915,92024946688,4177094,0.0,False,False,False,False,False,False,False,False,True,False,-0.0008807417052349012,0.014606206153606324
F,11.19,1.501,44497592320,74286639,6.7,False,True,False,False,False,False,False,False,False,False,-0.0035423060772815707,0.016566951290436855
FTNT,104.81,1.063,80223248384,2949149,0.0,False,False,False,False,False,False,False,False,True,False,9.893527446652034e-05,0.017245767936898842
FTV,51.08,1.069,17361172480,2758119,0.63,False,False,False,False,False,False,False,False,True,False,0.0001136995199750574,0.010578396974186841
FOXA,55.91,0.522,24068638720,2399357,0.97,True,False,False,False,False,False,False,False,False,False,0.0020809132779372698,0.012804949478638144
FOX,51.37,0.522,24068591616,649339,1.05,True,False,False,False,False,False,False,False,False,False,0.002160032733274693,0.012526929969033705
BEN,24.56,1.47,12906795008,2587023,5.21,False,False,False,False,True,False,False,False,False,False,-0.0016730158588817725,0.018085716664825797
FCX,45.8,1.642,65777954816,15252798,1.31,False,False,False,False,False,False,False,False,False,False,-0.003816992292981907,0.016885423309396744
GRMN,227.71,0.981,43843510272,589989,1.58,False,False,False,False,False,False,False,False,True,False,-0.00023290081745845251,0.010579935287678801
IT,356.52,1.191,27440236544,1169895,0.0,False,False,False,False,False,False,False,False,True,False,-0.0025419400453768493,0.009284705752288305
GE,259.0,1.379,274653954048,4153664,0.56,False,False,False,False,False,False,True,False,False,False,-0.0019130289409797913,0.017926710750759238
GEHC,76.49,1.289,35023622144,4088363,0.18,False,False,False,False,False,True,False,False,False,False,-0.0014924799328431603,0.012505699670699574
GEV,548.99,1.7426303456539778,149838594048,3923414,0.18,False,False,False,False,False,False,True,False,False,False,-5.8954333072303745e-05,0.027386580680483275
GEN,30.52,1.006,18929420288,2827189,1.64,False,False,False,False,False,False,False,False,True,False,-0.00243502803453443,0.014974453261692788
GNRC,150.29,1.725,8879373312,1179144,0.0,False,False,False,False,False,False,True,False,False,False,-0.005308985391588098,0.015574314381561814
GD,297.6,0.472,79874654208,1326149,2.02,False,False,False,False,False,False,True,False,False,False,-0.002963672083078854,0.008974146169560477
GIS,50.95,0.004,27636709376,5139016,4.79,False,False,True,False,False,False,False,False,False,False,0.0002940115252888332,0.010204982999564585
GM,48.89,1.323,47004557312,31487669,1.23,False,True,False,False,False,False,False,False,False,False,-0.0022043107856303925,0.02417552060184654
GPC,133.31,0.6360412518526782,18542354432,3073654,3.09,False,True,False,False,False,False,False,False,False,False,-0.0013637613131787898,0.013872443683476484
GILD,110.17,0.307,137043763200,4486079,2.87,False,False,False,False,False,True,False,False,False,False,0.001743347660920832,0.011550762019312927
GPN,84.11,0.945,20512747520,1622215,1.19,False,False,False,False,False,False,True,False,False,False,-0.001079799119952517,0.011557794635061087
GL,122.83,0.561,10138743808,363757,0.88,False,False,False,False,True,False,False,False,False,False,0.0007007598139281619,0.012188091969325212
GDDY,169.4,1.055,24137465856,1523995,0.0,False,False,False,False,False,False,False,False,True,False,0.0025343742082305065,0.015309271428079288
GS,700.41,1.344,214914498560,1978255,2.28,False,False,False,False,True,False,False,False,False,False,-0.0010313519932201073,0.013197611191739395
HAL,21.39,1.3611804090877264,18389303296,24619893,3.18,False,False,False,True,False,False,False,False,False,False,-0.0027529069857337774,0.017515691518103196
HIG,123.21,0.685,35004329984,1164300,1.69,False,False,False,False,True,False,False,False,False,False,-0.002367465987409076,0.012339940428590178
HAS,77.57,0.58,10869806080,4003484,3.61,False,True,False,False,False,False,False,False,False,False,-0.0031791192616629233,0.01626306663050438
HCA,350.97,1.48,84434255872,2744918,0.82,False,False,False,False,False,True,False,False,False,False,-0.004373793655845541,0.009995183071244047
DOC,18.99,1.006,13192961024,4879418,6.42,False,False,False,False,False,False,False,True,False,False,-0.0009563823532730148,0.013849524971697044
HSIC,72.2,0.868,9025360896,1354032,0.0,False,False,False,False,False,True,False,False,False,False,0.00021262023135014798,0.02112988082983899
HSY,181.69,0.287,36811120640,2193286,3.02,False,False,True,False,False,False,False,False,False,False,-3.934062931796557e-05,0.026618936414214346
HPE,20.41,1.364,26782410752,10338382,2.55,False,False,False,False,False,False,False,False,True,False,0.0006481343194429878,0.02945537740574572
HLT,273.84,1.25,65091768320,2571777,0.22,False,True,False,False,False,False,False,False,False,False,-0.00016815827525483543,0.012088488656298645
HOLX,65.37,0.555,14567377920,1860277,0.0,False,False,False,False,False,True,False,False,False,False,-0.002881879746819615,0.009369536732679781
HD,371.01,1.004,369128243200,2638997,2.48,False,True,False,False,False,False,False,False,False,False,-0.0014300834330396325,0.013712499425031922
HON,236.58,1.063,152181751808,3407899,1.91,False,False,False,False,False,False,True,False,False,False,-0.00045433744080713203,0.012259001564104225
HRL,29.45,0.33,16194407424,1872385,3.94,False,False,True,False,False,False,False,False,False,False,0.002378031756733889,0.01210293528412651
HST,16.47,1.332,11580254208,6664390,4.86,False,False,False,False,False,False,False,True,False,False,0.0010656100791118167,0.016334758224703174
HWM,183.34,1.43,74009583616,3282769,0.22,False,False,False,False,False,False,True,False,False,False,-0.0007950523739364291,0.015973689168934498
HPQ,25.41,1.291,23866927104,7839398,4.56,False,False,False,False,False,False,False,False,True,False,-0.0036594612326723433,0.028233507107898632
HUBB,428.55,0.981,22872827904,395328,1.23,False,False,False,False,False,False,True,False,False,False,-0.001361294291485021,0.014722552109275262
HUM,231.12,0.445,27894564864,1621567,1.53,False,False,False,False,False,True,False,False,False,False,-0.002650861837444811,0.029758911008256003
HBAN,16.655,0.952,24414400512,45219959,3.72,False,False,False,False,True,False,False,False,False,False,-0.0024828155136349724,0.014119912434135047
HII,253.96,0.3,9965162496,365137,2.13,False,False,False,False,False,False,True,False,False,False,-0.0005734940254292342,0.01585597068489745
IBM,281.96,0.68,262052773888,4256101,2.38,False,False,False,False,False,False,False,False,True,False,0.00232977672363124,0.015092236302041763
IEX,184.54,1.036,13941000192,363589,1.54,False,False,False,False,False,False,True,False,False,False,-0.002829297774532277,0.01294407464319943
IDXX,532.0,1.54,42784452608,559067,0.0,False,False,False,False,False,True,False,False,False,False,-0.0005968878582653838,0.014765862062520826
ITW,260.13,1.107,76313305088,765138,2.31,False,False,False,False,False,False,True,False,False,False,-0.0019737165976877764,0.007938001619593264
INCY,68.9,0.683,13336973312,1210093,0.0,False,False,False,False,False,True,False,False,False,False,-0.0031300302289538943,0.02472395065717628
IR,85.44,1.428,34471878656,2576837,0.09,False,False,False,False,False,False,True,False,False,False,-0.004142396708203789,0.011961096733984695
PODD,285.57,1.347,20096960512,500171,0.0,False,False,False,False,False,True,False,False,False,False,0.00012151848074915272,0.013536790269246129
ICE,180.8,1.119,103711580160,1952289,1.06,False,False,False,False,True,False,False,False,False,False,-0.0013352430784264217,0.009197838491742017
IFF,76.94,1.054,19680483328,2882150,2.08,False,False,False,False,False,False,False,False,False,False,-0.0004655188686174387,0.00841240477151192
IP,52.65,0.974,27794042880,4086830,3.51,False,True,False,False,False,False,False,False,False,False,-0.0022510058876739287,0.011275392313182165
IPG,25.69,0.8345435200926071,9498492928,10939914,5.14,True,False,False,False,False,False,False,False,False,False,0.00148408253233422,0.016159238740115683
INTU,766.78,1.277,213890990080,1022507,0.54,False,False,False,False,False,False,False,False,True,False,-0.003008794535848727,0.022340769569329413
ISRG,511.0,1.647,183151591424,2375651,0.0,False,False,False,False,False,True,False,False,False,False,-0.00035887826540465965,0.011954456770811037
IVZ,21.25,1.5589815016546358,9510564864,16427441,3.95,False,False,False,False,True,False,False,False,False,False,-0.0003603665560215375,0.01614152153776991
INVH,32.6,0.799,19982135296,2942063,3.56,False,False,False,False,False,False,False,True,False,False,-0.0015478992300659365,0.009653302475519331
IQV,187.38,1.0717645781827536,31854600192,6854913,0.0,False,False,False,False,False,True,False,False,False,False,0.0006560849632130254,0.01294340745995457
IRM,99.3,1.102,29297870848,674223,3.16,False,False,False,False,False,False,False,True,False,False,-0.0027490182321813273,0.01947071881436729
JBHT,151.93,1.29,14706671616,884242,1.16,False,False,False,False,False,False,True,False,False,False,-0.002208488025434201,0.013021973280743943
JBL,220.84,1.202,23700328448,1252001,0.14,False,False,False,False,False,False,False,False,True,False,0.003835303735894824,0.017155693303194424
JKHY,180.58,0.722,13149113344,359992,1.28,False,False,False,False,False,False,False,False,True,False,0.0005040246474445463,0.007342354351393729
J,139.44,0.761,16754552832,442856,0.92,False,False,False,False,False,False,True,False,False,False,-0.0015571284260059027,0.01341013310241614
JNJ,167.93,0.4,404051329024,7579819,3.1,False,False,False,False,False,True,False,False,False,False,-0.0018283743530365416,0.008964279707824414
JCI,108.3,1.33,71266492416,4565185,1.37,False,False,False,False,False,False,True,False,False,False,-0.002080237553631203,0.012906349879305373
JPM,291.43,1.094,801336262656,6709938,1.92,False,False,False,False,True,False,False,False,False,False,-0.0007697599796654255,0.011068577475805155
K,80.09,0.289,27786344448,3229949,2.85,False,False,True,False,False,False,False,False,False,False,0.000399632524419881,0.0018842926931505544
KVUE,22.67,0.783,43524362240,13670081,3.62,False,False,True,False,False,False,False,False,False,False,-0.0036491275311216665,0.010478348541458751
KDP,33.78,0.484,45879656448,9812265,2.72,False,False,True,False,False,False,False,False,False,False,0.00048082562836244735,0.009824758604656831
KEY,18.71,1.2477624980801088,20813938688,38616456,4.38,False,False,False,False,True,False,False,False,False,False,-0.0033541487107555594,0.013245262074750503
KEYS,165.27,1.096,28444452864,692261,0.0,False,False,False,False,False,False,False,False,True,False,0.0024225732444913026,0.02140216622133101
KMB,128.89,0.364,42767765504,2040015,3.91,False,False,True,False,False,False,False,False,False,False,-0.00046879300991111545,0.008522116463858549
KIM,22.07,1.26,14930266112,2257372,4.53,False,False,False,False,False,False,False,True,False,False,-0.0016839435987500485,0.011090059245013746
KMI,26.97,0.751,59929497600,13195811,4.34,False,False,False,True,False,False,False,False,False,False,0.00015852509340850396,0.013835611804711878
KKR,144.97,1.882,134127689728,2039262,0.51,False,False,False,False,True,False,False,False,False,False,-0.0004721584680940326,0.020123480713677606
KLAC,892.22,1.416,117988057088,1612088,0.85,False,False,False,False,False,False,False,False,True,False,0.0009312288905704852,0.016356339476574354
KHC,28.78,0.219,34062280704,18283778,5.56,False,False,True,False,False,False,False,False,False,False,-4.3276302512654416e-05,0.012718578742157035
KR,72.61,0.579,48006537216,6219958,1.93,False,False,True,False,False,False,False,False,False,False,0.0017514037874097744,0.016411087745152042
LHX,264.42,0.749,49432264704,1341879,1.82,False,False,False,False,False,False,True,False,False,False,-0.005208031164648705,0.011622135168737368
LH,252.07,0.799,21098260480,984010,1.14,False,False,False,False,False,True,False,False,False,False,-0.0007457306335536974,0.00975356014312536
LRCX,97.69,1.69,124957237248,14136503,0.94,False,False,False,False,False,False,False,False,True,False,0.0011237377796612725,0.025712617587420335
LW,49.17,0.448,6938673664,3343494,3.01,False,False,True,False,False,False,False,False,False,False,-0.004052769155619859,0.04734178964453234
LVS,48.52,1.026,34285588480,4207020,2.06,False,True,False,False,False,False,False,False,False,False,0.0022830781153132277,0.01870128253563416
LDOS,161.28,0.654,20759799808,885957,0.99,False,False,False,False,False,False,False,False,True,False,-0.0035461048615256984,0.013415299399759094
LEN,118.53,1.347,30539016192,5238646,1.69,False,True,False,False,False,False,False,False,False,False,-0.007121297996087405,0.019068409746377562
LII,619.97,1.132,21999509504,598539,0.84,False,False,False,False,False,False,True,False,False,False,1.6019024535020588e-05,0.017186292664322395
LLY,776.44,0.398,697038143488,2071233,0.77,False,False,False,False,False,True,False,False,False,False,0.0011330276609876175,0.016855925306372324
LIN,472.02,0.965,222191140864,1351242,1.27,False,False,False,False,False,False,False,False,False,False,-0.002237803662858015,0.009155721628572018
LYV,150.97,1.456,34990620672,1889443,0.0,True,False,False,False,False,False,False,False,False,False,0.00012894922593069356,0.013170699236452876
LKQ,38.48,0.941,9933535232,2303895,3.12,False,True,False,False,False,False,False,False,False,False,-0.0012899077035640452,0.014428146242234059
LMT,410.74,0.18833712761602295,94880940032,8829725,3.21,False,False,False,False,False,False,True,False,False,False,-0.0029870314913375048,0.010742606841869664
L,92.02,0.701,19296317440,1384680,0.27,False,False,False,False,True,False,False,False,False,False,0.0004281551842698128,0.009104468893227882
LOW,226.83,0.905,127124152320,2878456,2.12,False,True,False,False,False,False,False,False,False,False,-0.002920632214339437,0.015342792019671214
LULU,223.93,1.176,26838233088,3302861,0.0,False,True,False,False,False,False,False,False,False,False,0.005938035507240343,0.03283037869726319
LYB,65.41,0.839,21022775296,5417576,8.38,False,False,False,False,False,False,False,False,False,False,-0.0030232812188407524,0.012382016552949524
MTB,196.78,0.617,30802366464,1453798,2.74,False,False,False,False,True,False,False,False,False,False,-0.004225907924091794,0.013793366903992691
MPC,175.25,0.86,53839257600,1005163,2.08,False,False,False,True,False,False,False,False,False,False,-0.0038580331355513886,0.017029252026797136
MKTX,210.67,0.844,7900483072,285477,1.44,False,False,False,False,True,False,False,False,False,False,-0.004784293607321552,0.014704470109782057
MAR,272.98,1.411,74768130048,1466560,0.98,False,True,False,False,False,False,False,False,False,False,9.416581000859971e-05,0.012493210944807747
MMC,210.3,0.796,103388528640,1779582,1.71,False,False,False,False,True,False,False,False,False,False,-0.0014929804168474132,0.010034472619893051
MLM,570.98,0.872,34421755904,267729,0.55,False,False,False,False,False,False,False,False,False,False,-0.0039948588081590835,0.009025348509687307
MAS,66.71,1.187,14071941120,1848929,1.86,False,False,False,False,False,False,True,False,False,False,-0.0025842453304659595,0.014348956412410612
MA,558.76,1.025,507399897088,1585402,0.54,False,False,False,False,True,False,False,False,False,False,0.00029757840598394644,0.008711956159212433
MTCH,33.82,1.362,8293509120,5351882,2.25,True,False,False,False,False,False,False,False,False,False,0.0021030840254113435,0.022290698461206314
MKC,72.5,0.685,19455664128,1558561,2.48,False,False,True,False,False,False,False,False,False,False,0.0012027995649881765,0.011511363625154095
MCD,299.17,0.527,213916434432,2128898,2.37,False,True,False,False,False,False,False,False,False,False,-0.00011366287556369515,0.008200889970115074
MCK,709.47,0.48,88615641088,366310,0.4,False,False,False,False,False,True,False,False,False,False,-0.0020249908318609637,0.009541049537794511
MDT,91.65,0.82,117427486720,7455785,3.1,False,False,False,False,False,True,False,False,False,False,-0.0027613554497041863,0.009286224788412222
MRK,81.61,0.4,204925157376,10551662,3.97,False,False,False,False,False,True,False,False,False,False,0.0013452477316366748,0.01284966212973928
META,704.81,1.284,1772125028352,8862572,0.3,True,False,False,False,False,False,False,False,False,False,0.0018660182964077292,0.016092433783664723
MET,77.51,0.832,52032307200,2129563,2.93,False,False,False,False,True,False,False,False,False,False,-0.0005851315686659618,0.015333324885917831
MTD,1218.96,1.374,25333401600,166320,0.0,False,False,False,False,False,True,False,False,False,False,0.0012234783411172619,0.011376860858628607
MCHP,75.26,1.506,40615944192,8427719,2.42,False,False,False,False,False,False,False,False,True,False,-0.0028290895800449052,0.028984712774604744
MU,109.22,1.349,122231382016,27809263,0.42,False,False,False,False,False,False,False,False,True,False,-0.004462180212756415,0.04234472401302167
MSFT,505.27,1.033,3755439554560,13295281,0.66,False,False,False,False,False,False,False,False,True,False,0.0005846951262293143,0.011683227512540978
MAA,153.2,0.751,18402076672,522192,3.96,False,False,False,False,False,False,False,True,False,False,-0.000750579184886533,0.010872081279813163
MRNA,32.73,1.847,12658066432,8144651,0.0,False,False,False,False,False,True,False,False,False,False,0.0040254583079757005,0.03963617660217428
MHK,115.1,1.186,7196592640,692543,0.0,False,True,False,False,False,False,False,False,False,False,-0.005459383135177153,0.01748241834740606
MOH,180.64,0.554,9790688256,1988075,0.0,False,False,False,False,False,True,False,False,False,False,-0.00037468391726039086,0.019237055052078334
TAP,51.64,0.687,10448269312,2075297,3.64,False,False,True,False,False,False,False,False,False,False,-0.002601473992362148,0.009205377378954428
MDLZ,70.75,0.491,91608514560,6665284,2.66,False,False,True,False,False,False,False,False,False,False,-0.0022917750869871595,0.010468048182811957
MPWR,719.98,1.202,34472640512,549451,0.87,False,False,False,False,False,False,False,False,True,False,0.0011174669229784134,0.026236337649314486
MNST,59.59,0.589,58114912256,3994475,0.0,False,False,True,False,False,False,False,False,False,False,0.0003570560574330341,0.01074706227008929
MCO,499.12,1.378,89810657280,985537,0.75,False,False,False,False,True,False,False,False,False,False,6.356086715412866e-05,0.011866294792125549
MS,140.04,1.3,223783911424,4006638,2.86,False,False,False,False,True,False,False,False,False,False,-0.0021410097007056278,0.01432384675333507
MOS,35.9,1.131,11388594176,2541791,2.45,False,False,False,False,False,False,False,False,False,False,-0.0020927547129898838,0.021730833958088065
MSI,421.27,0.955,70316703744,542385,1.03,False,False,False,False,False,False,False,False,True,False,-0.0017992544235305161,0.00977795893583802
MSCI,526.48,0.8926704417448129,40749551616,2288258,1.37,False,False,False,False,True,False,False,False,False,False,0.00034342239837255827,0.010956111976089058
NDAQ,88.93,1.018,51056668672,2438733,1.21,False,False,False,False,True,False,False,False,False,False,-0.0005208153905943342,0.009912086031759353
NTAP,104.95,1.415,21028411392,1646553,1.98,False,False,False,False,False,False,False,False,True,False,-0.00032291856676616807,0.02423232107023409
NFLX,1190.08,1.596,505695928320,5021045,0.0,True,False,False,False,False,False,False,False,False,False,0.002619383550901072,0.016345974595622106
NEM,61.7,0.348,68672098304,9353692,1.62,False,False,False,False,False,False,False,False,False,False,-0.002969411635625571,0.018574328894235746
NWSA,29.43,1.244,17431977984,2370953,0.68,True,False,False,False,False,False,False,False,False,False,-0.001282208792561408,0.008780251638847414
NWS,33.67,1.244,17432002560,607665,0.59,True,False,False,False,False,False,False,False,False,False,-0.0013524063958398472,0.008743621477164006
NEE,77.54,0.66,159626166272,7215546,2.92,False,False,False,False,False,False,False,False,False,True,-0.0018765725690523074,0.010845037801458499
NKE,75.39,1.254,111343484928,9458201,2.12,False,True,False,False,False,False,False,False,False,False,-0.0002635782996186505,0.014333102850197215
NI,42.09,0.545,19811889152,2772809,2.66,False,False,False,False,False,False,False,False,False,True,0.00017273552527030406,0.008579854147755868
NDSN,218.3,0.888,12335893504,276786,1.43,False,False,False,False,False,False,True,False,False,False,-0.006563947418616825,0.01997364323394135
NSC,280.26,1.303,63182938112,2019898,1.93,False,False,False,False,False,False,True,False,False,False,-0.0035736011514672867,0.013608814215883017
NTRS,126.53,1.272,24615020544,1844993,2.37,False,False,False,False,True,False,False,False,False,False,-0.0013904182636768263,0.012597715896616181
NOC,563.79,0.03701061072068584,80777576448,2192457,1.64,False,False,False,False,False,False,True,False,False,False,-0.0015692786140065343,0.009450679243727122
NCLH,23.6,2.14,10544645120,17003549,0.0,False,True,False,False,False,False,False,False,False,False,-0.0008821231159769902,0.025994380124711884
NRG,153.96,1.124,30100721664,2828621,1.14,False,False,False,False,False,False,False,False,False,True,-0.0007200193941690298,0.025961695750554105
NUE,143.77,1.717,33175072768,1473047,1.53,False,False,False,False,False,False,False,False,False,False,-0.0075508713842565595,0.019378349368442172
NVDA,167.03,2.131,4073460858880,183423362,0.02,False,False,False,False,False,False,False,False,True,False,-0.001853853521265369,0.022519563748782806
NVR,7909.52,0.991,23126091776,27033,0.0,False,True,False,False,False,False,False,False,False,False,-0.003285054870009595,0.01345225833694709
NXPI,228.0,1.8757007357589173,57599410176,5738194,1.78,False,False,False,False,False,False,False,False,True,False,-0.0012907014631667677,0.017772778405698995
ORLY,95.35,0.583,81509179392,5068707,0.0,False,True,False,False,False,False,False,False,False,False,-0.0007661341250097255,0.009806227015375497
OXY,43.56,0.846,42868834304,6552660,2.2,False,False,False,True,False,False,False,False,False,False,-0.00022480823436594257,0.015636019814821264
ODFL,166.89,1.258,35268026368,1182492,0.67,False,False,False,False,False,False,True,False,False,False,-0.006644715966192471,0.015814218430365908
OMC,75.21,0.936,14569907200,4642338,3.72,True,False,False,False,False,False,False,False,False,False,-0.003681935180443918,0.023195672199581286
ON,62.45,1.431,26096918528,11386613,0.0,False,False,False,False,False,False,False,False,True,False,-0.0008920037161977853,0.025210472834039953
OKE,80.74,0.919,50432786432,2386572,5.1,False,False,False,True,False,False,False,False,False,False,-0.0029863111914134005,0.018307403716564436
ORCL,238.11,1.394,668810477568,10268126,0.84,False,False,False,False,False,False,False,False,True,False,-0.003256201765533653,0.020469151422223063
OTIS,100.99,0.972,39858429952,2673480,1.66,False,False,False,False,False,False,True,False,False,False,-0.0022577428517902795,0.009972450229517997
PCAR,98.58,0.8635031859546511,51750461440,6879308,1.34,False,False,False,False,False,False,True,False,False,False,-0.0015977771600945059,0.012846817845055586
PKG,205.29,0.842,18471993344,813756,2.44,False,True,False,False,False,False,False,False,False,False,-0.001361258302382231,0.008914361710755067
PLTR,149.07,2.593,351791775744,49323377,0.0,False,False,False,False,False,False,False,False,True,False,0.004656307909304619,0.03510319281485329
PANW,196.73,0.971,131179560960,3653648,0.0,False,False,False,False,False,False,False,False,True,False,-0.0020496864290181576,0.0209663961806097
PARA,13.11,1.213,9242799104,4123296,1.53,True,False,False,False,False,False,False,False,False,False,-0.0010406089652387508,0.021007337720010278
PH,721.12,1.333,92143271936,417415,1.0,False,False,False,False,False,False,True,False,False,False,-0.0031425387845578586,0.010227029231555568
PAYX,144.58,0.874,52084076544,1585335,2.99,False,False,False,False,False,False,False,False,True,False,-0.0006450727946457166,0.010202984345679756
PAYC,233.25,0.778,13066082304,621962,0.64,False,False,False,False,False,False,False,False,True,False,-0.0022862924971615976,0.0231895513595282
PYPL,76.0,1.452,73912508416,7702429,0.0,False,False,False,False,True,False,False,False,False,False,-0.00018693952336949933,0.018339811596950157
PNR,104.87,1.1595137530416069,17253947392,4999359,0.95,False,False,False,False,False,False,True,False,False,False,-0.001704473486492716,0.011302398873763171
PEP,146.04,0.461,199940440064,8192717,3.9,False,False,True,False,False,False,False,False,False,False,-0.0011252528665584025,0.009277876848955735
PFE,25.14,0.496,142930198528,43245563,6.84,False,False,False,False,False,True,False,False,False,False,0.002247750791591804,0.015061691165368592
PCG,13.66,0.552,30020311040,17069910,0.73,False,False,False,False,False,False,False,False,False,True,-0.0013496893422356379,0.013761329728501429
PM,165.27,0.1684206237620551,257246052352,18539558,3.27,False,False,True,False,False,False,False,False,False,False,-0.0018393494418323358,0.011094432090393735
PSX,126.16,0.998,51402252288,2224157,3.8,False,False,False,True,False,False,False,False,False,False,-0.004336747674110396,0.016364788081668528
PNW,94.45,0.419,11277235200,886065,3.79,False,False,False,False,False,False,False,False,False,True,-0.002684721049387906,0.009752135254632012
PNC,196.78,1.075,77528563712,2106168,3.46,False,False,False,False,True,False,False,False,False,False,-0.002469524306431828,0.010477969676147836
POOL,314.66,1.101,11829705728,690685,1.59,False,False,False,False,False,False,True,False,False,False,-0.0017595048753814748,0.01789587517907142
PPG,115.4,1.15,26192916480,1679052,2.46,False,False,False,False,False,False,False,False,False,False,-0.0008486002574684827,0.010971782673803682
PPL,36.81,0.653,27212308480,3748997,2.96,False,False,False,False,False,False,False,False,False,True,-0.0009892017817378378,0.009148665454094982
PFG,80.2,0.988,17980119040,861051,3.79,False,False,False,False,True,False,False,False,False,False,-0.0034434803437303984,0.012584783078937154
PG,158.32,0.403,371187580928,5829813,2.67,False,False,True,False,False,False,False,False,False,False,-0.00037368152256952607,0.009135675585772544
PGR,247.37,0.371,145008295936,2641510,1.98,False,False,False,False,True,False,False,False,False,False,-0.0021768358296431435,0.013826587037339135
PLD,109.19,1.246,101320245248,5199995,3.7,False,False,False,False,False,False,False,True,False,False,-0.0020605589120688697,0.01588764951769145
PRU,104.22,1.042,36894609408,1095844,5.18,False,False,False,False,True,False,False,False,False,False,-0.0020682413164123865,0.012757814964995779
PEG,85.79,0.5,42809040896,2727092,2.94,False,False,False,False,False,False,False,False,False,True,-0.0015013839284934937,0.012045808898414246
PTC,202.87,1.173,24333850624,776290,0.0,False,False,False,False,False,False,False,False,True,False,-0.0010949237944869684,0.012545200747069619
PSA,291.04,0.853,51057442816,836080,4.12,False,False,False,False,False,False,False,True,False,False,-0.0034283476477963595,0.015502670306888178
PHM,121.17,0.7400361097723734,24285741056,5085137,0.73,False,True,False,False,False,False,False,False,False,False,-0.005554924525383969,0.017973105990827107
PWR,394.93,1.078,58528231424,992585,0.1,False,False,False,False,False,False,True,False,False,False,-0.0007591002514166302,0.017295414019975437
QCOM,157.99,1.266,173473021952,6911356,2.25,False,False,False,False,False,False,False,False,True,False,-0.0012864813175281163,0.01953489600539363
DGX,178.24,0.3311629867317065,19897823232,2697790,1.8,False,False,False,False,False,True,False,False,False,False,-0.002052259826756753,0.009662011904175621
RL,288.31,1.503,17463801856,517146,1.27,False,True,False,False,False,False,False,False,False,False,0.003550686107605795,0.016305018161767073
RJF,160.61,1.038,32403871744,983694,1.25,False,False,False,False,True,False,False,False,False,False,-0.001128761689319096,0.012048346859595258
RTX,149.17,0.5795874082780712,199283654656,10698347,1.82,False,False,False,False,False,False,True,False,False,False,-0.0007997516393481056,0.010762314901282865
O,57.84,0.762,52234145792,3875739,5.58,False,False,False,False,False,False,False,True,False,False,-0.0017459876684758568,0.010558513214572811
REG,71.66,1.006,13086765056,804630,3.94,False,False,False,False,False,False,False,True,False,False,0.0004352163041790718,0.009843832538641347
REGN,560.93,0.324,60560805888,976487,0.63,False,False,False,False,False,True,False,False,False,False,-0.0020190303282382658,0.01543502561398178
RF,26.2,0.99,23422799872,18207576,4.05,False,False,False,False,True,False,False,False,False,False,-0.003492777529665747,0.014593559663105977
RSG,242.31,0.619,75721146368,1028989,0.96,False,False,False,False,False,False,True,False,False,False,-0.0011176783041703677,0.007610079175197456
RMD,267.4,0.774,39208062976,1336620,0.79,False,False,False,False,False,True,False,False,False,False,-0.0008703718928460367,0.016159923771042254
RVTY,96.13,0.98,11330842624,1834725,0.29,False,False,False,False,False,True,False,False,False,False,0.0006301150449536341,0.014600830574586717
ROK,353.62,1.37,39858630656,798547,1.48,False,False,False,False,False,False,True,False,False,False,0.00011098596387541984,0.014783808902181984
ROL,55.51,0.751,26902700032,1628438,1.19,False,True,False,False,False,False,False,False,False,False,-0.0024666699103279106,0.009170171025607328
ROP,563.84,1.02,60621258752,812314,0.59,False,False,False,False,False,False,False,False,True,False,-0.0017718202676101128,0.009287810977940323
ROST,135.76,1.116,44403159040,2076196,1.19,False,True,False,False,False,False,False,False,False,False,0.002495517673377176,0.014426533477016416
RCL,348.54,2.177,94649524224,1726905,0.86,False,True,False,False,False,False,False,False,False,False,-3.82003541396848e-05,0.017437491127910588
SPGI,517.81,1.187,158803525632,832633,0.74,False,False,False,False,True,False,False,False,False,False,-0.00029188290261880336,0.008686697492681998
CRM,263.59,1.366,251992031232,4991471,0.63,False,False,False,False,False,False,False,False,True,False,0.0009547990014174796,0.025173413289590364
SBAC,239.35,0.775,25716961280,929374,1.86,False,False,False,False,False,False,False,True,False,False,-0.0027143591996657257,0.012900794135128164
SLB,34.35,1.017,51238862848,18260763,3.32,False,False,False,True,False,False,False,False,False,False,-0.0037521207951727808,0.0136245064272885
STX,146.59,1.47,31108888576,3022500,1.96,False,False,False,False,False,False,False,False,True,False,-0.0035732266167260375,0.015840847590515638
SRE,79.8,0.637,52043165696,3293432,3.23,False,False,False,False,False,False,False,False,False,True,-0.0014300925114422674,0.01023133047948003
NOW,962.37,0.946,199356874752,982143,0.0,False,False,False,False,False,False,False,False,True,False,0.0015685489281454703,0.019079301547964764
SHW,340.07,0.7553052706844141,85221883904,3823656,0.93,False,False,False,False,False,False,False,False,False,False,-0.003625668325158373,0.013756834313779097
SPG,165.57,1.461,62442909696,1653734,5.07,False,False,False,False,False,False,False,True,False,False,-0.0011417444384153915,0.012698204047626158
SWKS,73.38,1.167,11016465408,2041755,3.82,False,False,False,False,False,False,False,False,True,False,0.0021952263111441966,0.01318876517222467
SJM,109.34,0.292,11664828416,1370116,4.02,False,False,True,False,False,False,False,False,False,False,0.0009829945815042597,0.017645304258470378
SW,46.24,1.002,24137881600,4732554,3.73,False,True,False,False,False,False,False,False,False,False,0.0013901421022551805,0.017527812495890693
SNA,332.51,0.744,17344851968,320983,2.57,False,False,False,False,False,False,True,False,False,False,-0.0014830080004672524,0.009536499572350598
SOLV,72.92,0.9843691885207877,12616107008,550467,0.0,False,False,False,False,False,True,False,False,False,False,-0.0007089308139872905,0.010839846553665985
SO,95.85,0.365,105453207552,3315906,3.09,False,False,False,False,False,False,False,False,False,True,-0.0019234967209897618,0.00960884942498249
LUV,37.17,1.204,21181917184,9949064,1.94,False,False,False,False,False,False,True,False,False,False,0.001202094420423383,0.013167509291417665
SWK,72.8,1.172,11263106048,1658495,4.51,False,False,False,False,False,False,True,False,False,False,-0.0017703274545998664,0.016897365438249105
SBUX,96.94,1.004,110162616320,9915536,2.52,False,True,False,False,False,False,False,False,False,False,-0.0025213658630861653,0.015809899701379006
STT,109.71,1.474,31329005568,1874817,3.06,False,False,False,False,True,False,False,False,False,False,0.0009193374467477191,0.012524810423197467
STLD,132.24,1.2538173063165443,19631558656,2632545,1.51,False,False,False,False,False,False,False,False,False,False,-0.006551886165249225,0.015696605220155257
STE,223.69,0.924,22004609024,817969,1.02,False,False,False,False,False,True,False,False,False,False,-0.0021935264470642657,0.011487474868994572
SYK,395.15,0.922,151012491264,1016208,0.85,False,False,False,False,False,True,False,False,False,False,-0.0025929120664441433,0.010645442234269428
SMCI,49.86,1.425,29757345792,31640267,0.0,False,False,False,False,False,False,False,False,True,False,0.016499499550683343,0.09661045297463322
SYF,70.66,1.6415461807372695,26278455296,5724139,1.7,False,False,False,False,True,False,False,False,False,False,1.0256105944122454e-05,0.015255043533768855
SNPS,615.13,1.123,113826119680,2883658,0.0,False,False,False,False,False,False,False,False,True,False,-0.0023459742229200537,0.0288889718154326
SYY,80.2,0.817,38877110272,2427656,2.69,False,False,True,False,False,False,False,False,False,False,0.000664884725201325,0.012516410191378263
TMUS,233.25,0.611,264843706368,3825125,1.51,True,False,False,False,False,False,False,False,False,False,-0.0020546065773847095,0.01618126361965791
TROW,106.44,1.506,23450435584,1264276,4.77,False,False,False,False,True,False,False,False,False,False,-0.0012900219216974696,0.01296788481984018
TTWO,231.07,1.035,42259701760,1712282,0.0,True,False,False,False,False,False,False,False,False,False,0.0011908015444676676,0.012117288837671403
TPR,106.25,1.485,22067062784,3847475,1.32,False,True,False,False,False,False,False,False,False,False,0.0045964689017202465,0.017356103689157177
TRGP,162.53,1.077,35257958400,1650006,2.46,False,False,False,True,False,False,False,False,False,False,-0.0031243374513251635,0.019833639967309264
TGT,106.54,1.214,48408154112,5418875,4.22,False,False,True,False,False,False,False,False,False,False,-0.003697432024729154,0.04770461022212452
TEL,180.47,1.221,53517840384,2946502,1.57,False,False,False,False,False,False,False,False,True,False,-0.0010870632143731066,0.010697408311505363
TDY,555.95,1.044,26051428352,503409,0.0,False,False,False,False,False,False,False,False,True,False,-0.00042956946071944955,0.010160488633156517
TER,93.7,1.695,15031353344,2633716,0.51,False,False,False,False,False,False,False,False,True,False,0.006870446447582326,0.020047184335100564
TSLA,332.11,2.398,1069712998400,76555278,0.0,False,True,False,False,False,False,False,False,False,False,0.007681675956806336,0.03821813075207343
TXN,214.92,1.016,195248799744,9799320,2.53,False,False,False,False,False,False,False,False,True,False,-0.0023356529918597243,0.01355902491025194
TPL,937.37,1.092,21547606016,223884,0.68,False,False,False,True,False,False,False,False,False,False,-0.006857549012604521,0.047206109660390815
TXT,86.04,1.169,15533576192,1271337,0.09,False,False,False,False,False,False,True,False,False,False,-0.0034728411272120395,0.014075522768942458
TMO,427.62,0.772,161423982592,3671628,0.4,False,False,False,False,False,True,False,False,False,False,0.00048607770836968584,0.011388094185106577
TJX,125.6,0.881,140121866240,3033850,1.35,False,True,False,False,False,False,False,False,False,False,0.00023257802883127048,0.010027627194243941
TKO,166.49,0.8956183151229729,13610142720,614391,0.91,True,False,False,False,False,False,False,False,False,False,0.005848772352298997,0.02037541992530681
TTD,81.67,1.362,40135823360,6861151,0.0,True,False,False,False,False,False,False,False,False,False,-0.0001753802263074917,0.022074621678462043
TSCO,58.98,0.748,31271372800,4765210,1.56,False,True,False,False,False,False,False,False,False,False,-0.0011464852654261926,0.017006029302669354
TT,447.68,1.156,99840696320,1475788,0.84,False,False,False,False,False,False,True,False,False,False,-0.0032081918292279073,0.010413888265911669
TRV,266.78,0.519,60061249536,1407459,1.65,False,False,False,False,True,False,False,False,False,False,-0.0025104471922716494,0.011949816630858688
TRMB,82.52,1.674,19688198144,1775506,0.0,False,False,False,False,False,False,False,False,True,False,1.887547885131294e-05,0.011527782702725142
TFC,45.21,0.83,58295582720,7225541,4.6,False,False,False,False,True,False,False,False,False,False,-0.0023509477914111154,0.013161603321247712
TYL,564.98,0.848,24363913216,175898,0.0,False,False,False,False,False,False,False,False,True,False,-0.0011622127427403386,0.013358803954157264
TSN,54.47,0.577,19404064768,2034040,3.67,False,False,True,False,False,False,False,False,False,False,-0.0035113838943025967,0.008280346776518894
USB,46.16,1.015,71918665728,8936596,4.33,False,False,False,False,True,False,False,False,False,False,-0.0010650394357466265,0.013839807761869645
UBER,91.79,1.395,191948505088,11534249,0.0,False,False,False,False,False,False,False,False,True,False,-0.0064738176418918675,0.026723078328932538
UDR,41.37,0.819,15596323840,1800167,4.16,False,False,False,False,False,False,False,True,False,False,-0.0006840201284577376,0.010787423704568718
ULTA,502.74,1.077,22595950592,598466,0.0,False,True,False,False,False,False,False,False,False,False,0.005827401547021529,0.02734570517050227
UNP,229.24,1.049,136965390336,3146107,2.41,False,False,False,False,False,False,True,False,False,False,-0.0008911195174396012,0.011956255610051838
UAL,90.78,1.42,29388390400,6736038,0.0,False,False,False,False,False,False,True,False,False,False,0.00210051613566396,0.021726762136410196
UPS,101.14,1.186,85645148160,5746051,6.49,False,False,False,False,False,False,True,False,False,False,-0.0016351566574198998,0.01453970098803991
URI,791.04,1.695,51416809472,741808,0.91,False,False,False,False,False,False,True,False,False,False,-0.00570751657495866,0.017059151853250784
UNH,285.13,0.457,258652815360,13966872,3.1,False,False,False,False,False,True,False,False,False,False,-0.005126900737045063,0.024611298292804836
UHS,162.68,1.285,10483164160,1734136,0.49,False,False,False,False,False,True,False,False,False,False,-0.0038669075725508485,0.013064458863630592
VLO,145.11,0.967,45449326592,2806745,3.11,False,False,False,True,False,False,False,False,False,False,-0.0042125349638980495,0.014771230115012812
VTR,67.11,0.89,30291843072,1809759,2.86,False,False,False,False,False,False,False,True,False,False,-0.00230738415035904,0.011072565258843061
VLTO,102.54,0.7287327520794459,25415665664,895492,0.43,False,False,False,False,False,False,True,False,False,False,-0.00023458018623237627,0.01119447230009989
VRSN,287.92,0.778,27035688960,610478,1.07,False,False,False,False,False,False,False,False,True,False,0.00448972434698165,0.01702302173396455
VRSK,298.12,0.862,41702215680,1246392,0.6,False,False,False,False,False,False,True,False,False,False,-0.0005980400194724331,0.007206771544488862
VZ,42.96,0.372,181130100736,20055945,6.31,True,False,False,False,False,False,False,False,False,False,-0.001355727799685727,0.011251070031747624
VRTX,470.13,0.413,120727969792,1005002,0.0,False,False,False,False,False,True,False,False,False,False,-0.004844992601005954,0.02718416944469758
VTRS,9.24,0.889,10844803072,11303853,5.19,False,False,False,False,False,True,False,False,False,False,-0.0006989234403506412,0.013581589298744362
VICI,33.45,0.721,35346952192,5535026,5.17,False,False,False,False,False,False,False,True,False,False,-0.002225351105800772,0.011357141279679224
V,351.86,0.922,687358476288,3806656,0.67,False,False,False,False,True,False,False,False,False,False,0.0006819492081444933,0.009393807060539182
VST,189.09,1.279,64164286464,3364278,0.48,False,False,False,False,False,False,False,False,False,True,-0.0009650749574418231,0.03665488123483443
VMC,267.78,0.817,35374809088,1219919,0.73,False,False,False,False,False,False,False,False,False,False,-0.0027414690973098874,0.010843684774844802
WRB,68.54,0.2881666001632318,26003048448,3100829,0.53,False,False,False,False,True,False,False,False,False,False,-0.0009214145126734114,0.01004946479126714
GWW,1035.12,1.18,49726337024,233088,0.87,False,False,False,False,False,False,True,False,False,False,-0.00371527135549731,0.00897246625424052
WAB,211.89,1.119,36259889152,862250,0.47,False,False,False,False,False,False,True,False,False,False,-0.0009669044975919885,0.012346754551486577
WBA,11.54,0.748,9988574208,4780118,8.67,False,False,False,False,False,True,False,False,False,False,0.0041816349204782995,0.04408527648671415
WMT,95.85,0.677,764923281408,7571463,0.98,False,False,True,False,False,False,False,False,False,False,0.0024038525362392992,0.013019217133534633
DIS,121.06,1.561,217635618816,4063021,0.83,True,False,False,False,False,False,False,False,False,False,-0.000950929354223862,0.00879263345660127
WBD,12.85,1.544,31791800320,88026200,0.0,True,False,False,False,False,False,False,False,False,False,0.004554823482661767,0.03536273099047728
WM,227.09,0.642,91382833152,1128558,1.45,False,False,False,False,False,False,True,False,False,False,-0.0024485188501556904,0.00805635691849743
WAT,287.46,1.101,17106485248,1776555,0.0,False,False,False,False,False,True,False,False,False,False,0.0011443709482429555,0.016781476772001255
WEC,110.1,0.424,35136655360,1610035,3.24,False,False,False,False,False,False,False,False,False,True,-0.0013681072525742472,0.008252309537628044
WFC,82.38,1.157,265294069760,19648122,1.94,False,False,False,False,True,False,False,False,False,False,-0.0018910394737823662,0.01296902309100048
WELL,161.09,0.904,105345122304,1898090,1.66,False,False,False,False,False,False,False,True,False,False,-0.002542730979808457,0.011334034428373416
WST,218.9,1.088,15726957568,785955,0.38,False,False,False,False,False,True,False,False,False,False,0.0013573002833145175,0.014504877620510852
WDC,67.06,1.592,23395758080,4962819,0.6,False,False,False,False,False,False,False,False,True,False,-0.0017265420525407814,0.025458955679231367
WY,26.17,1.152,18980395008,5987334,3.21,False,False,False,False,False,False,False,True,False,False,-0.002932590042024368,0.016213909931030602
WSM,178.61,1.455,21968672768,1053931,1.48,False,True,False,False,False,False,False,False,False,False,0.011626878945170794,0.04920339996822506
WMB,57.36,0.676,70037135360,4442364,3.49,False,False,False,True,False,False,False,False,False,False,-0.0011759185187216357,0.015460347584838795
WTW,308.65,0.687,30602586112,543231,1.19,False,False,False,False,True,False,False,False,False,False,0.0001566193129955912,0.012768488579842786
WDAY,239.11,1.21,63745769472,2408875,0.0,False,False,False,False,False,False,False,False,True,False,-0.00017779944189596838,0.02348024787234759
WYNN,107.71,1.364,11261511680,1279605,0.93,False,True,False,False,False,False,False,False,False,False,-0.0017264047930604447,0.01840097945402992
XEL,73.06,0.372,42138157056,2916765,3.12,False,False,False,False,False,False,False,False,False,True,-0.0009442399242890489,0.00944639364747465
XYL,131.05,1.115,31891150848,955315,1.22,False,False,False,False,False,False,True,False,False,False,-0.0015219213852269064,0.014520437920032169
YUM,148.53,0.733,41286139904,1065469,1.91,False,True,False,False,False,False,False,False,False,False,0.00030305706969469746,0.009754204398772932
ZBRA,328.1,1.751,16685296640,427562,0.0,False,False,False,False,False,False,False,False,True,False,2.6765576892443025e-05,0.013578145591981863
ZBH,96.52,0.71,19096289280,1810800,0.99,False,False,False,False,False,True,False,False,False,False,-0.002037268995031987,0.009933028410370366
ZTS,151.19,0.911,67310997504,3985406,1.32,False,False,False,False,False,True,False,False,False,False,-0.0024088336012996715,0.010657252035335027
