ticker,Return,marketCap,beta,Volatility,cluster,Risk_Segment,sector
MMM,-0.00018026601003342426,80967753728,1.079,0.01068846045911163,1,Low-Risk / Defensive / Stable,Industrials
AOS,-0.001908812131199444,10156529664,1.203,0.011209022628015347,0,Aggressive / Underperforming,Industrials
ABT,-0.0008122331266863566,216418697216,0.732,0.008182646051659989,1,Low-Risk / Defensive / Stable,Healthcare
ABBV,0.0024737305973061992,336039936000,0.481,0.013036464116043795,1,Low-Risk / Defensive / Stable,Healthcare
ACN,-0.00016823413805369872,179898613760,1.293,0.01695750765693327,0,Aggressive / Underperforming,Technology
ADBE,-0.004132352352493967,157910581248,1.509,0.030514770760136176,0,Aggressive / Underperforming,Technology
AMD,-0.0036826736590761452,256067698688,2.045,0.021528166619762198,0,Aggressive / Underperforming,Technology
AES,-0.002733773049385222,9775770624,0.941,0.020351659846223447,0,Aggressive / Underperforming,Utilities
AFL,-0.0022969271054297216,55378268160,0.798,0.012163087858719526,1,Low-Risk / Defensive / Stable,Financial Services
A,0.001916080082575673,34110525440,1.232,0.013341674451265545,0,Aggressive / Underperforming,Healthcare
APD,-0.002973277668118679,66306985984,0.866,0.011401106917015518,1,Low-Risk / Defensive / Stable,Basic Materials
ABNB,-0.00027534703009723786,86338838528,1.135,0.018204455139746507,0,Aggressive / Underperforming,Consumer Cyclical
AKAM,0.002995241171855983,11438120960,0.775,0.015617658998370424,1,Low-Risk / Defensive / Stable,Technology
ALB,-0.006021865885579733,9219915776,1.63,0.02728927509361489,0,Aggressive / Underperforming,Basic Materials
ARE,-0.0021838351542702223,14128869376,1.266,0.01619077046921606,0,Aggressive / Underperforming,Real Estate
ALGN,-0.002342473343655961,14790523904,1.635,0.026095237492444894,0,Aggressive / Underperforming,Healthcare
ALLE,-0.002122620721062653,13276115968,1.025,0.009141657490053485,1,Low-Risk / Defensive / Stable,Industrials
LNT,-0.0010212821645738564,16595474432,0.56,0.0080110931108237,1,Low-Risk / Defensive / Stable,Utilities
ALL,-0.0005521455763738149,52183707648,0.325,0.013584944268185177,1,Low-Risk / Defensive / Stable,Financial Services
GOOGL,0.003137975125464994,2307292921856,1.005,0.022037185431633192,2,Blue-Chip / Moderate Risk,Communication Services
GOOG,0.0030682714078512445,2311780302848,1.005,0.021533919476437645,2,Blue-Chip / Moderate Risk,Communication Services
MO,-0.0016011788952376214,100670144512,0.624,0.009200465307892855,1,Low-Risk / Defensive / Stable,Consumer Defensive
AMZN,0.002652267107280837,2424361189376,1.337,0.017185786978702468,2,Blue-Chip / Moderate Risk,Consumer Cyclical
AMCR,-0.0023372442435567625,22432219136,0.727,0.014096223571028342,1,Low-Risk / Defensive / Stable,Consumer Cyclical
AEE,-0.0005231897633868829,27130177536,0.495,0.009320466450020555,1,Low-Risk / Defensive / Stable,Utilities
AEP,-0.0014428885642255214,58205888512,0.404,0.008761305638482469,1,Low-Risk / Defensive / Stable,Utilities
AXP,0.0011331886771595609,214115926016,1.258,0.01433352797916952,0,Aggressive / Underperforming,Financial Services
AIG,-0.0011494030776249618,45671272448,0.648,0.011032125509629372,1,Low-Risk / Defensive / Stable,Financial Services
AMT,-0.0019946509119556687,108091891712,0.828,0.015581212930114885,1,Low-Risk / Defensive / Stable,Real Estate
AWK,-0.002510975608998624,27697553408,0.682,0.01108019718503293,1,Low-Risk / Defensive / Stable,Utilities
AMP,-0.0018277698527035635,51090309120,1.221,0.010260846649871992,0,Aggressive / Underperforming,Financial Services
AME,-0.002245445425595037,41745231872,1.097,0.009023380104513904,1,Low-Risk / Defensive / Stable,Industrials
AMGN,-0.0025498215973830418,165409112064,0.48,0.014375090493302718,1,Low-Risk / Defensive / Stable,Healthcare
APH,-0.0004365706160316802,121214017536,1.139,0.015792866635406747,0,Aggressive / Underperforming,Technology
ADI,0.0011135051077748354,114869010432,1.018,0.015100696548743936,1,Low-Risk / Defensive / Stable,Technology
AON,-0.0018177708223906758,76727803904,0.839,0.008920414220534042,1,Low-Risk / Defensive / Stable,Financial Services
APA,0.0010410681987444213,6968638464,1.25,0.0193026217339237,0,Aggressive / Underperforming,Energy
APO,0.0004046843540193918,86644211712,1.572,0.01935248396627303,0,Aggressive / Underperforming,Financial Services
AAPL,0.003567969990374382,3193871269888,1.199,0.009181502364515691,2,Blue-Chip / Moderate Risk,Technology
AMAT,-0.0011787315307065652,150568681472,1.688,0.019143410682943004,0,Aggressive / Underperforming,Technology
ACGL,-0.0015790397470321997,33240768512,0.491,0.012467231870031919,1,Low-Risk / Defensive / Stable,Financial Services
ADM,-0.001503947959163288,27030114304,0.673,0.012717466593302997,1,Low-Risk / Defensive / Stable,Consumer Defensive
ANET,0.005542775114249876,141046104064,1.404,0.022687142561631277,3,Speculative / High-Risk High-Reward,Technology
AJG,-0.0011708727174982263,79338283008,0.713,0.012218639791942675,1,Low-Risk / Defensive / Stable,Financial Services
AIZ,-0.000745024502193162,9501358080,0.585,0.01157226159694407,1,Low-Risk / Defensive / Stable,Financial Services
T,0.000132013328057161,196724211712,0.609,0.013849845339557392,1,Low-Risk / Defensive / Stable,Communication Services
ATO,-0.0011248467632017844,24932786176,0.692,0.010876649167009181,1,Low-Risk / Defensive / Stable,Utilities
ADSK,-0.00040131264091435893,64358612992,1.444,0.020754298736560966,0,Aggressive / Underperforming,Technology
ADP,-0.0003821947398554495,123374206976,0.77,0.009400398537883154,1,Low-Risk / Defensive / Stable,Technology
AZO,0.0009982468909312486,62157824000,0.389,0.012688108599690592,1,Low-Risk / Defensive / Stable,Consumer Cyclical
AVB,-0.0011418306846925031,28906397696,0.856,0.010503670650115857,1,Low-Risk / Defensive / Stable,Real Estate
AVY,-0.0016933650708193,14071999488,0.6234742707746943,0.010282770417649858,1,Low-Risk / Defensive / Stable,Consumer Cyclical
AXON,-0.000280926225054303,54893375488,1.288,0.023462710734554124,0,Aggressive / Underperforming,Industrials
BKR,-0.0015248012860002967,43682168832,0.894,0.014380191320466144,1,Low-Risk / Defensive / Stable,Energy
BALL,-0.003221492384082533,16663110656,1.085,0.015471008628118451,0,Aggressive / Underperforming,Consumer Cyclical
BAC,-0.0018738121752448205,357618810880,1.31,0.010511433988750011,0,Aggressive / Underperforming,Financial Services
BAX,-0.002885684746309414,14620355584,0.609,0.015554461735174628,1,Low-Risk / Defensive / Stable,Healthcare
BDX,0.0004116107776690311,52067893248,0.277,0.009216842343819105,1,Low-Risk / Defensive / Stable,Healthcare
BRK-B,-0.0012272742004894646,1042908905472,0.818,0.007643598429024973,1,Low-Risk / Defensive / Stable,Financial Services
BBY,-0.002208227675824446,14542153728,1.261,0.020210222046899838,0,Aggressive / Underperforming,Consumer Cyclical
TECH,0.002130618923217214,8714678272,1.384,0.019294999208886186,0,Aggressive / Underperforming,Healthcare
BIIB,-0.0015065483586922635,19129231360,0.141,0.013224687747297074,1,Low-Risk / Defensive / Stable,Healthcare
BLK,-0.0005514207613252391,172276154368,1.424,0.01068737216642955,0,Aggressive / Underperforming,Financial Services
BX,-0.001694210865121062,207559376896,1.64,0.020400045444439015,0,Aggressive / Underperforming,Financial Services
XYZ,0.00027172253888281815,48796037120,2.742,0.03254510312736082,0,Aggressive / Underperforming,Technology
BK,-0.0006274863699204144,69635497984,1.066,0.010789835374217543,1,Low-Risk / Defensive / Stable,Financial Services
BKNG,9.81037293025476e-06,187472314368,1.406,0.014921450182509009,0,Aggressive / Underperforming,Consumer Cyclical
BSX,0.000881075953101558,158057037824,0.681,0.01191059922255109,1,Low-Risk / Defensive / Stable,Healthcare
BMY,0.00020098328895003023,99790143488,0.371,0.013581621759987074,1,Low-Risk / Defensive / Stable,Healthcare
AVGO,0.011458263034592887,1312033079296,1.138,0.05226431221952584,3,Speculative / High-Risk High-Reward,Technology
BR,-0.00012365573118326847,28691511296,0.955,0.009404387163012192,1,Low-Risk / Defensive / Stable,Technology
BRO,-0.0025255330235634745,33918377984,0.82,0.01130485993858205,1,Low-Risk / Defensive / Stable,Financial Services
BF-B,-0.0022202539728213744,14602408960,0.55,0.024987704590464968,1,Low-Risk / Defensive / Stable,Consumer Defensive
BLDR,-0.006990622812378821,14868135936,1.695,0.0219247172174909,0,Aggressive / Underperforming,Industrials
BG,-0.004843102412237532,15621326848,0.653,0.012931678901149006,1,Low-Risk / Defensive / Stable,Consumer Defensive
BXP,-0.0013753847922017754,12617682944,1.174,0.01954323279740538,0,Aggressive / Underperforming,Real Estate
CHRW,-0.0019506106998097583,11928903680,0.897,0.013123969131249058,1,Low-Risk / Defensive / Stable,Industrials
CDNS,0.0012144737347539447,88555700224,0.988,0.01918487309269104,0,Aggressive / Underperforming,Technology
CZR,-0.0034281322039060786,6223442432,2.298,0.019966759893464015,0,Aggressive / Underperforming,Consumer Cyclical
CPT,-0.0007638314029270666,12284233728,0.78,0.011638115485350192,1,Low-Risk / Defensive / Stable,Real Estate
CPB,-0.0009957990457947821,9929219072,0.08,0.01606353855052622,1,Low-Risk / Defensive / Stable,Consumer Defensive
COF,-0.0012510840765113933,141429702656,1.149,0.013920041463322793,0,Aggressive / Underperforming,Financial Services
CAH,-0.00014343085892289865,37333495808,0.689,0.011031709339055035,1,Low-Risk / Defensive / Stable,Healthcare
KMX,0.0015564933366270287,9474795520,1.379,0.019027054301401117,0,Aggressive / Underperforming,Consumer Cyclical
CARR,-0.002816610051852664,68072751104,1.312,0.015283992447948438,0,Aggressive / Underperforming,Industrials
CAT,-0.0019027776920555169,200401223680,1.38,0.012474271917441852,0,Aggressive / Underperforming,Industrials
CBOE,-0.0008937468416437085,25379289088,0.424,0.013647064793247194,1,Low-Risk / Defensive / Stable,Financial Services
CBRE,0.00027021602119192944,42936061952,1.304,0.016580274077906448,0,Aggressive / Underperforming,Real Estate
CDW,-0.0005639716473738308,23985104896,0.927,0.012620358521158188,1,Low-Risk / Defensive / Stable,Technology
COR,-0.002232042591093934,56615702528,0.568,0.008698786349678776,1,Low-Risk / Defensive / Stable,Healthcare
CNC,0.0017625266068881853,14507616256,0.442,0.017207437334580914,1,Low-Risk / Defensive / Stable,Healthcare
CNP,0.0011491931437999953,24278218752,0.562,0.010085253936225013,1,Low-Risk / Defensive / Stable,Utilities
CF,-0.0006767826302313023,15089611776,0.941,0.015835228286417546,1,Low-Risk / Defensive / Stable,Basic Materials
CRL,-0.0005622233678684122,8263470592,1.498,0.018532201952411852,0,Aggressive / Underperforming,Healthcare
SCHW,-0.0028598156655297363,172540739584,0.926,0.012667610315651294,1,Low-Risk / Defensive / Stable,Financial Services
CHTR,-0.004266131643144241,54705848320,1.078,0.022638881049557903,0,Aggressive / Underperforming,Communication Services
CVX,-0.003274361296604877,309274607616,0.803,0.012147208714212822,1,Low-Risk / Defensive / Stable,Energy
CMG,0.0009361853962241441,70756343808,1.079,0.01719246585241559,0,Aggressive / Underperforming,Consumer Cyclical
CB,-0.0012721068134063616,107316314112,0.537,0.008496073840398717,1,Low-Risk / Defensive / Stable,Financial Services
CHD,-0.0013445563162000108,23933198336,0.501,0.007955995315481723,1,Low-Risk / Defensive / Stable,Consumer Defensive
CI,-0.004932080668574482,80885563392,0.454,0.0213888477771991,1,Low-Risk / Defensive / Stable,Healthcare
CINF,-0.0016341264579660324,23508121600,0.768,0.013325154133263016,1,Low-Risk / Defensive / Stable,Financial Services
CTAS,-0.005457413084072089,88513568768,1.042,0.02577914873786882,0,Aggressive / Underperforming,Industrials
CSCO,0.0009944171324961977,271477800960,0.899,0.008129081346989364,1,Low-Risk / Defensive / Stable,Technology
C,0.0007809681274864923,174913110016,1.329,0.011427339539383671,0,Aggressive / Underperforming,Financial Services
CFG,-0.002224522430842473,21465341952,1.089,0.014112021808601029,0,Aggressive / Underperforming,Financial Services
CLX,-0.001056490975668602,16204071936,0.504,0.008111338468163233,1,Low-Risk / Defensive / Stable,Consumer Defensive
CME,0.001991499071410533,100178001920,0.455,0.010739157728928101,1,Low-Risk / Defensive / Stable,Financial Services
CMS,-0.0007809795262555183,21842032640,0.37,0.007789970973858063,1,Low-Risk / Defensive / Stable,Utilities
KO,0.0005314340374606122,297016131584,0.11577018660811034,0.008518487651517253,1,Low-Risk / Defensive / Stable,Consumer Defensive
CTSH,3.9440046663033296e-05,38148784128,0.952,0.012043072382316767,1,Low-Risk / Defensive / Stable,Technology
COIN,-0.006948570027991898,99245801472,3.712,0.04690482652281875,0,Aggressive / Underperforming,Financial Services
CL,-0.0009577635304943735,71746478080,0.371,0.008746157306819498,1,Low-Risk / Defensive / Stable,Consumer Defensive
CMCSA,-0.004442161521953917,133535784960,0.947,0.02160431814380551,0,Aggressive / Underperforming,Communication Services
CAG,0.0012857421222090876,9450984448,0.107,0.01120073854755739,1,Low-Risk / Defensive / Stable,Consumer Defensive
COP,-0.004150547216571789,119790084096,0.623,0.014272906550753533,1,Low-Risk / Defensive / Stable,Energy
ED,-0.0025901271504010772,37045633024,0.242,0.010140468747443211,1,Low-Risk / Defensive / Stable,Utilities
STZ,-0.002401565262390781,30986651648,0.664,0.012143385272956865,1,Low-Risk / Defensive / Stable,Consumer Defensive
CEG,-8.482139765985946e-05,102081224704,1.141,0.027352667523096005,0,Aggressive / Underperforming,Utilities
CPRT,0.0004208374538139222,45141409792,1.071,0.02178843755160252,0,Aggressive / Underperforming,Industrials
GLW,0.0007304485157180002,47876730880,1.097,0.010919668595923353,1,Low-Risk / Defensive / Stable,Technology
CPAY,-0.0023702090241734955,23985379328,0.957,0.012197562354238006,1,Low-Risk / Defensive / Stable,Technology
CTVA,0.0011313407022652093,50528329728,0.755,0.017163958065312335,1,Low-Risk / Defensive / Stable,Basic Materials
CSGP,0.0001586843035136396,38012018688,0.89,0.022096928821655752,0,Aggressive / Underperforming,Real Estate
COST,0.000336382949991506,418864005120,0.961,0.01082346671000843,1,Low-Risk / Defensive / Stable,Consumer Defensive
CTRA,-5.21651583848601e-05,17913735168,0.331,0.017314685081499533,1,Low-Risk / Defensive / Stable,Energy
CRWD,0.0005312553110364894,115056689152,1.157,0.028509490726015458,0,Aggressive / Underperforming,Technology
CCI,-0.0039425155740949345,47909199872,0.898,0.008625358207677687,1,Low-Risk / Defensive / Stable,Real Estate
CSX,-0.0027210549159555047,65955893248,1.23,0.011958126521406456,0,Aggressive / Underperforming,Industrials
CMI,-0.0010786091950094813,49787416576,1.019,0.010974339001678156,1,Low-Risk / Defensive / Stable,Industrials
CVS,-0.005655177620957925,78222516224,0.576,0.027505539275965822,1,Low-Risk / Defensive / Stable,Healthcare
DHR,-9.873329543604491e-05,142716321792,1.0489051957217486,0.01133900647900214,1,Low-Risk / Defensive / Stable,Healthcare
DRI,0.0037591320116309615,24525643776,0.737,0.029608947971667663,3,Speculative / High-Risk High-Reward,Consumer Cyclical
DDOG,0.0041693063522626715,49449365504,1.026,0.03032021710569097,3,Speculative / High-Risk High-Reward,Technology
DVA,-0.0023201132379685047,11355444224,1.106,0.01434371170825706,0,Aggressive / Underperforming,Healthcare
DAY,-0.0008696137247510667,9421787136,1.087,0.018052584814228348,0,Aggressive / Underperforming,Technology
DECK,0.004836629439212663,16147307520,0.991,0.0189558549279488,3,Speculative / High-Risk High-Reward,Consumer Cyclical
DE,0.002133730566286034,138793418752,1.085,0.02004399950161184,0,Aggressive / Underperforming,Industrials
DELL,-0.004435133578947818,85704368128,1.098,0.03252579896811884,0,Aggressive / Underperforming,Technology
DAL,-0.0019110944503567917,36865441792,1.491,0.016809826567746787,0,Aggressive / Underperforming,Industrials
DVN,-0.005170663622350306,21404401664,1.06,0.017821738088617,0,Aggressive / Underperforming,Energy
DXCM,0.0008200866890512116,33599649792,1.448,0.021772036354337915,0,Aggressive / Underperforming,Healthcare
FANG,-0.0025019339732227845,41943638016,1.024,0.016806155409098637,0,Aggressive / Underperforming,Energy
DLR,-0.00021895010106985884,61164879872,0.968,0.013356303635401651,1,Low-Risk / Defensive / Stable,Real Estate
DG,-2.6368572608692147e-05,23739060224,0.315,0.019025429379313046,1,Low-Risk / Defensive / Stable,Consumer Defensive
DLTR,0.005156155426098019,23764213760,0.862,0.02211685439134764,3,Speculative / High-Risk High-Reward,Consumer Defensive
D,-0.0018800953145444198,49568477184,0.551,0.00921136910403958,1,Low-Risk / Defensive / Stable,Utilities
DPZ,-0.0007282694787048903,16205846528,1.093,0.015412596843752678,0,Aggressive / Underperforming,Consumer Cyclical
DASH,-0.00033216810298800076,101579915264,1.703,0.018452908244881272,0,Aggressive / Underperforming,Consumer Cyclical
DOV,-0.0022463696745152213,26101860352,1.259,0.010250806060891994,0,Aggressive / Underperforming,Industrials
DOW,-0.0025722920762613114,21771350016,0.857,0.014083103595994264,1,Low-Risk / Defensive / Stable,Basic Materials
DHI,-0.004827667048937775,44602593280,0.5408865069306934,0.01791000732638702,1,Low-Risk / Defensive / Stable,Consumer Cyclical
DTE,0.00048363278907338823,28770017280,0.438,0.008603156514628054,1,Low-Risk / Defensive / Stable,Utilities
DUK,-0.001343154401061618,92656812032,0.353,0.009321557615533025,1,Low-Risk / Defensive / Stable,Utilities
DD,-0.0022110511476493484,32161648640,1.024,0.009530267235101628,1,Low-Risk / Defensive / Stable,Basic Materials
EMN,-0.003277001786929984,9233336320,1.235,0.014032197241425183,0,Aggressive / Underperforming,Basic Materials
ETN,-0.0026183716334341853,147980812288,1.156,0.013360825839218202,0,Aggressive / Underperforming,Industrials
EBAY,0.0004212175426755242,37434359808,1.249,0.01302390291081709,0,Aggressive / Underperforming,Consumer Cyclical
ECL,-0.001430980348619304,76436520960,1.035,0.009506720096424871,1,Low-Risk / Defensive / Stable,Basic Materials
EIX,-0.001565848982274918,20061595648,0.754,0.010872461366083825,1,Low-Risk / Defensive / Stable,Utilities
EW,0.0029499439365160514,45127139328,1.109,0.016444212868885113,0,Aggressive / Underperforming,Healthcare
EA,-0.0032275463093198874,38703427584,0.733,0.011753531752117852,1,Low-Risk / Defensive / Stable,Communication Services
ELV,-0.0026193463471433495,65590976512,0.612,0.013627761396126016,1,Low-Risk / Defensive / Stable,Healthcare
EMR,-0.0007578807966883711,82214993920,1.283,0.012994223277885677,0,Aggressive / Underperforming,Industrials
ENPH,0.004771521408565363,4767406080,1.666,0.03681890640731746,3,Speculative / High-Risk High-Reward,Technology
ETR,0.0005586005775008065,39297564672,0.573,0.010041911655258924,1,Low-Risk / Defensive / Stable,Utilities
EOG,-0.0031082133351195843,64812208128,0.776,0.012012939598564731,1,Low-Risk / Defensive / Stable,Energy
EPAM,-0.00020890491518005822,9692709888,1.701,0.01777859489341685,0,Aggressive / Underperforming,Technology
EQT,0.002553225311941742,31254261760,0.654,0.022428498880508144,1,Low-Risk / Defensive / Stable,Energy
EFX,0.0009233848668594515,30330380288,1.0908744801814794,0.01846094607371884,0,Aggressive / Underperforming,Industrials
EQIX,0.0016493809721500636,77774913536,0.915,0.013323178406784325,1,Low-Risk / Defensive / Stable,Real Estate
EQR,-0.0008393920221087314,26672420864,0.897,0.012251353269104086,1,Low-Risk / Defensive / Stable,Real Estate
ERIE,0.0005898156506150223,19036921856,0.34,0.016098946963562233,1,Low-Risk / Defensive / Stable,Financial Services
ESS,-0.0018533425246039389,20131409920,0.791,0.011524368245360616,1,Low-Risk / Defensive / Stable,Real Estate
EL,0.005566526478323747,32116860928,1.167,0.02038763416927221,3,Speculative / High-Risk High-Reward,Consumer Defensive
EG,-0.0006334115693141654,14284003328,0.504,0.010644789919228133,1,Low-Risk / Defensive / Stable,Financial Services
EVRG,-0.0008281492204206868,15978670080,0.476,0.006745663071523957,1,Low-Risk / Defensive / Stable,Utilities
ES,-0.0020616615798259227,24348440576,0.636,0.013589953239596029,1,Low-Risk / Defensive / Stable,Utilities
EXC,-0.0012770316744011383,44222898176,0.467,0.010104157925399808,1,Low-Risk / Defensive / Stable,Utilities
EXE,0.001562947829184843,23386195968,0.464,0.01391692669664661,1,Low-Risk / Defensive / Stable,Energy
EXPE,0.00090301191659346,24249602048,1.577,0.014719913853286259,0,Aggressive / Underperforming,Consumer Cyclical
EXPD,-0.0025116301045723997,15870903296,1.057,0.008424573692764743,1,Low-Risk / Defensive / Stable,Industrials
EXR,-0.002833908493120225,33307865088,1.108,0.015429932124723131,0,Aggressive / Underperforming,Real Estate
XOM,-0.0034527767821722457,473112281088,0.469,0.010346285748577228,1,Low-Risk / Defensive / Stable,Energy
FFIV,0.0017847188181827906,17167798272,1.002,0.00994365765291618,1,Low-Risk / Defensive / Stable,Technology
FDS,-0.00017940462893071475,15781692416,0.834,0.012232519994247333,1,Low-Risk / Defensive / Stable,Financial Services
FAST,-0.004315761357266654,54415355904,0.958,0.009725868401529893,1,Low-Risk / Defensive / Stable,Industrials
FRT,-0.00047009645004763553,8270259200,1.107,0.011277366289996866,1,Low-Risk / Defensive / Stable,Real Estate
FDX,-0.0013562046325434225,55790116864,1.356,0.015227418573471622,0,Aggressive / Underperforming,Industrials
FIS,-0.0026485472869534135,42909007872,1.073,0.011161156012141753,1,Low-Risk / Defensive / Stable,Technology
FITB,-0.0032307338999346077,28507879424,0.925,0.013114999330797348,1,Low-Risk / Defensive / Stable,Financial Services
FSLR,-0.0025847647745979117,19206328320,1.515,0.02546038400926729,0,Aggressive / Underperforming,Technology
FE,-0.0014190001062851232,23784771584,0.365,0.0080062712539485,1,Low-Risk / Defensive / Stable,Utilities
FI,-0.0008807417052349012,77138403328,0.915,0.014606206153606324,1,Low-Risk / Defensive / Stable,Technology
F,-0.00354230607728157,45273812992,1.501,0.016566951290436824,0,Aggressive / Underperforming,Consumer Cyclical
FTNT,9.893527446652034e-05,79924740096,1.063,0.017245767936898842,0,Aggressive / Underperforming,Technology
FTV,0.00011369827254455507,17418952704,1.069,0.010578406154477093,1,Low-Risk / Defensive / Stable,Technology
FOXA,0.0020809132779372698,24374286336,0.522,0.012804949478638144,1,Low-Risk / Defensive / Stable,Communication Services
FOX,0.002160032733274693,24391880704,0.522,0.012526929969033719,1,Low-Risk / Defensive / Stable,Communication Services
BEN,-0.0016730158588817697,12972485632,1.47,0.01808573490070747,0,Aggressive / Underperforming,Financial Services
FCX,-0.0038169889149889664,64528461824,1.642,0.016885388602552145,0,Aggressive / Underperforming,Basic Materials
GRMN,-0.00023290081745845251,44373000192,0.981,0.010579935287678801,1,Low-Risk / Defensive / Stable,Technology
IT,-0.0025419400453768493,27492575232,1.191,0.009284705752288305,1,Low-Risk / Defensive / Stable,Technology
GE,-0.0019130289409797913,278704848896,1.379,0.017926710750759224,0,Aggressive / Underperforming,Industrials
GEHC,-0.0014924735635074818,35444879360,1.289,0.012505723226276627,0,Aggressive / Underperforming,Healthcare
GEV,-5.895433307229233e-05,168965881856,1.7618162504629502,0.027386555354384445,0,Aggressive / Underperforming,Industrials
GEN,-0.002435028034534414,19090679808,1.006,0.014974450776454179,1,Low-Risk / Defensive / Stable,Technology
GNRC,-0.005308985391588098,9003445248,1.725,0.015574314381561814,0,Aggressive / Underperforming,Industrials
GD,-0.0029636795948513057,84941971456,0.472,0.008974157815589197,1,Low-Risk / Defensive / Stable,Industrials
GIS,0.0002940115252888334,27951314944,0.004,0.010204973246522033,1,Low-Risk / Defensive / Stable,Consumer Defensive
GM,-0.0022043130327333567,50475339776,1.323,0.02417552166190995,0,Aggressive / Underperforming,Consumer Cyclical
GPC,-0.0013637613131787909,18771857408,0.6376015183157329,0.013872456008079601,1,Low-Risk / Defensive / Stable,Consumer Cyclical
GILD,0.0017433476609208316,140501893120,0.307,0.011550762019312938,1,Low-Risk / Defensive / Stable,Healthcare
GPN,-0.001079794626919995,20517623808,0.945,0.011557788365881639,1,Low-Risk / Defensive / Stable,Industrials
GL,0.0007007598139281709,10255129600,0.561,0.012188094906176387,1,Low-Risk / Defensive / Stable,Financial Services
GDDY,0.0025343742082305065,24059099136,1.055,0.015309271428079288,0,Aggressive / Underperforming,Technology
GS,-0.0010313519932201073,217808011264,1.344,0.013197611191739414,0,Aggressive / Underperforming,Financial Services
HAL,-0.0027529069857337688,18978209792,1.365711708354959,0.01751569711683098,0,Aggressive / Underperforming,Energy
HIG,-0.0023674659874090643,34984443904,0.685,0.012339962474545465,1,Low-Risk / Defensive / Stable,Financial Services
HAS,-0.0031791192616629086,10759103488,0.58,0.016263084755848707,1,Low-Risk / Defensive / Stable,Consumer Cyclical
HCA,-0.0043737936558455445,85038096384,1.48,0.009995155423673754,0,Aggressive / Underperforming,Healthcare
DOC,-0.0009563823532730008,13224155136,1.006,0.013849521016504293,1,Low-Risk / Defensive / Stable,Real Estate
HSIC,0.00021262023135014798,9297871872,0.868,0.02112988082983899,0,Aggressive / Underperforming,Healthcare
HSY,-3.934062931796557e-05,37114011648,0.287,0.02661893641421434,1,Low-Risk / Defensive / Stable,Consumer Defensive
HPE,0.0006481343194429864,27320420352,1.364,0.029455377405745702,0,Aggressive / Underperforming,Technology
HLT,-0.0001681582752548359,63588319232,1.25,0.012088488656298654,0,Aggressive / Underperforming,Consumer Cyclical
HOLX,-0.002881879746819615,14691056640,0.555,0.009369536732679781,1,Low-Risk / Defensive / Stable,Healthcare
HD,-0.0014300834330396412,373862105088,1.004,0.01371249118162268,1,Low-Risk / Defensive / Stable,Consumer Cyclical
HON,-0.0004543397160787462,154465304576,1.063,0.01225897482642793,1,Low-Risk / Defensive / Stable,Industrials
HRL,0.002378031910993178,16268642304,0.33,0.012102939135048198,1,Low-Risk / Defensive / Stable,Consumer Defensive
HST,0.0010656100791118367,11710330880,1.332,0.016334737393808894,0,Aggressive / Underperforming,Real Estate
HWM,-0.0007950523739364291,74825007104,1.43,0.015973689168934498,0,Aggressive / Underperforming,Industrials
HPQ,-0.0036594576649635617,24228548608,1.291,0.028233536571935135,0,Aggressive / Underperforming,Technology
HUBB,-0.0013612919440444508,23168512000,0.981,0.014722561402891353,1,Low-Risk / Defensive / Stable,Industrials
HUM,-0.002650863856230317,28188356608,0.445,0.02975890693703978,1,Low-Risk / Defensive / Stable,Healthcare
HBAN,-0.002482815513634973,24619624448,0.952,0.014119912434135051,1,Low-Risk / Defensive / Stable,Financial Services
HII,-0.000573496707932438,10295162880,0.3,0.01585595961711309,1,Low-Risk / Defensive / Stable,Industrials
IBM,0.00232977672363124,265951592448,0.68,0.015092236302041769,1,Low-Risk / Defensive / Stable,Technology
IEX,-0.002829297774532282,13947799552,1.036,0.012944072691202329,1,Low-Risk / Defensive / Stable,Industrials
IDXX,-0.0005968878582653838,43198627840,1.54,0.014765862062520826,0,Aggressive / Underperforming,Healthcare
ITW,-0.0019737165976877924,77139132416,1.107,0.007937969567238473,1,Low-Risk / Defensive / Stable,Industrials
INCY,-0.0031300302289538943,13662171136,0.683,0.02472395065717628,1,Low-Risk / Defensive / Stable,Healthcare
IR,-0.004142396708203781,35077074944,1.428,0.01196111428893207,0,Aggressive / Underperforming,Industrials
PODD,0.00012151848074915272,20085698560,1.347,0.013536790269246129,0,Aggressive / Underperforming,Healthcare
ICE,-0.0013352463758346653,103743127552,1.119,0.009197835517520741,1,Low-Risk / Defensive / Stable,Financial Services
IFF,-0.00046551886861743037,19892787200,1.054,0.00841243091673495,1,Low-Risk / Defensive / Stable,Basic Materials
IP,-0.002251005887673929,28480313344,0.974,0.011275392313182163,1,Low-Risk / Defensive / Stable,Consumer Cyclical
IPG,0.0014840825323342113,9725879296,0.837966335327137,0.016159240087661737,1,Low-Risk / Defensive / Stable,Communication Services
INTU,-0.0030087915640481674,216133730304,1.277,0.02234077012129216,0,Aggressive / Underperforming,Technology
ISRG,-0.00035887826540465965,176472473600,1.647,0.011954456770811037,0,Aggressive / Underperforming,Healthcare
IVZ,-0.0003603665560215375,9474760704,1.5567998880469467,0.016141521537769918,0,Aggressive / Underperforming,Financial Services
INVH,-0.0015478992300659252,19865249792,0.799,0.009653287102481296,1,Low-Risk / Defensive / Stable,Real Estate
IQV,0.0006560849632130254,32828700672,1.076143275110693,0.01294340745995457,1,Low-Risk / Defensive / Stable,Healthcare
IRM,-0.0027490182321813187,29181327360,1.102,0.019470721193897384,0,Aggressive / Underperforming,Real Estate
JBHT,-0.0022084880254342023,14692152320,1.29,0.013021973280743941,0,Aggressive / Underperforming,Industrials
JBL,0.003835303735894823,24287899648,1.202,0.01715569330319445,0,Aggressive / Underperforming,Technology
JKHY,0.0005040246474445451,13146200064,0.722,0.007342366693355931,1,Low-Risk / Defensive / Stable,Technology
J,-0.0015571327998685665,16964826112,0.761,0.013410165312574883,1,Low-Risk / Defensive / Stable,Industrials
JNJ,-0.0018283743530365505,403621609472,0.4,0.008964280077957293,1,Low-Risk / Defensive / Stable,Healthcare
JCI,-0.002080237553631209,72533229568,1.33,0.012906358573776111,0,Aggressive / Underperforming,Industrials
JPM,-0.0007697621359393652,812369838080,1.094,0.011068591843147277,1,Low-Risk / Defensive / Stable,Financial Services
K,0.00039962930146610656,27760324608,0.289,0.0018842885249122298,1,Low-Risk / Defensive / Stable,Consumer Defensive
KVUE,-0.0036491275311216673,43188375552,0.783,0.010478348541458737,1,Low-Risk / Defensive / Stable,Consumer Defensive
KDP,0.00048082767911694104,45669138432,0.484,0.009824762625999968,1,Low-Risk / Defensive / Stable,Consumer Defensive
KEY,-0.003354152151076164,20902936576,1.2473261288295059,0.013245257669844359,0,Aggressive / Underperforming,Financial Services
KEYS,0.0024225732444913026,28788672512,1.096,0.02140216622133101,0,Aggressive / Underperforming,Technology
KMB,-0.0004687969076259654,42492354560,0.364,0.008522106749074216,1,Low-Risk / Defensive / Stable,Consumer Defensive
KIM,-0.0016839435987500485,14913354752,1.26,0.01109005924501375,0,Aggressive / Underperforming,Real Estate
KMI,0.00015852509340850396,59540635648,0.751,0.013835611804711882,1,Low-Risk / Defensive / Stable,Energy
KKR,-0.0004721584680940195,135709794304,1.882,0.020123489826728288,0,Aggressive / Underperforming,Financial Services
KLAC,0.0009312288905704864,117712347136,1.416,0.01635633947657427,0,Aggressive / Underperforming,Technology
KHC,-4.3276302512656435e-05,34192467968,0.219,0.012718582802775087,1,Low-Risk / Defensive / Stable,Consumer Defensive
KR,0.0017514037874097744,48145379328,0.579,0.016411087745152035,1,Low-Risk / Defensive / Stable,Consumer Defensive
LHX,-0.005208031164648705,50418401280,0.749,0.011622135168737377,1,Low-Risk / Defensive / Stable,Industrials
LH,-0.0007457306335537003,20999911424,0.799,0.009753557318604847,1,Low-Risk / Defensive / Stable,Healthcare
LRCX,0.001123741319954673,123575787520,1.69,0.025712637632490445,0,Aggressive / Underperforming,Technology
LW,-0.004052769155619861,8073951744,0.448,0.04734178964453236,0,Aggressive / Underperforming,Consumer Defensive
LVS,0.0022830781153132126,34278520832,1.026,0.018701265365715806,0,Aggressive / Underperforming,Consumer Cyclical
LDOS,-0.003546101669035922,21015629824,0.654,0.013415294506258708,1,Low-Risk / Defensive / Stable,Technology
LEN,-0.00712129799608739,30408904704,1.347,0.01906843542238932,0,Aggressive / Underperforming,Consumer Cyclical
LII,1.6022380110957897e-05,23770558464,1.132,0.01718627410419448,0,Aggressive / Underperforming,Industrials
LLY,0.0011330303063102488,715616813056,0.398,0.016855932532508257,1,Low-Risk / Defensive / Stable,Healthcare
LIN,-0.002237803662858015,222181720064,0.965,0.009155708988657573,1,Low-Risk / Defensive / Stable,Basic Materials
LYV,0.00012894922593069356,35353853952,1.456,0.013170699236452876,0,Aggressive / Underperforming,Communication Services
LKQ,-0.0012899077035640459,10003234816,0.941,0.014428146242234057,1,Low-Risk / Defensive / Stable,Consumer Cyclical
LMT,-0.002987031491337505,97678352384,0.19337839835005166,0.010742606841869659,1,Low-Risk / Defensive / Stable,Industrials
L,0.00042815823037143687,19258570752,0.701,0.009104461705946013,1,Low-Risk / Defensive / Stable,Financial Services
LOW,-0.0029206322143394445,127852724224,0.905,0.015342781028087503,1,Low-Risk / Defensive / Stable,Consumer Cyclical
LULU,0.005938035507240343,26883776512,1.176,0.03283037869726319,3,Speculative / High-Risk High-Reward,Consumer Cyclical
LYB,-0.0030232812188407446,21617364992,0.839,0.012382014558059208,1,Low-Risk / Defensive / Stable,Basic Materials
MTB,-0.004225913086845487,30620788736,0.617,0.013793362639404824,1,Low-Risk / Defensive / Stable,Financial Services
MPC,-0.0038580327324937427,54432178176,0.86,0.017029252543739902,1,Low-Risk / Defensive / Stable,Energy
MKTX,-0.004784289679982289,7918483968,0.844,0.014704497878923344,1,Low-Risk / Defensive / Stable,Financial Services
MAR,9.416213521268047e-05,74683228160,1.411,0.012493208073027935,0,Aggressive / Underperforming,Consumer Cyclical
MMC,-0.001492980416847408,103068483584,0.796,0.010034469136546787,1,Low-Risk / Defensive / Stable,Financial Services
MLM,-0.003994862313076885,34480537600,0.872,0.009025356181218474,1,Low-Risk / Defensive / Stable,Basic Materials
MAS,-0.0025842453304659595,14354604032,1.187,0.014348956412410612,0,Aggressive / Underperforming,Industrials
MA,0.00029758228675314067,508948185088,1.025,0.008711953899099126,1,Low-Risk / Defensive / Stable,Financial Services
MTCH,0.0021030861327895247,8294367744,1.362,0.022290683203542893,0,Aggressive / Underperforming,Communication Services
MKC,0.001202806440327368,19434999808,0.685,0.011511389471444443,1,Low-Risk / Defensive / Stable,Consumer Defensive
MCD,-0.00011366287556370967,212918960128,0.527,0.008200871469123155,1,Low-Risk / Defensive / Stable,Consumer Cyclical
MCK,-0.0020249908318609637,88902926336,0.48,0.009541055099893754,1,Low-Risk / Defensive / Stable,Healthcare
MDT,-0.0027613554497041863,117555609600,0.82,0.00928622478841222,1,Low-Risk / Defensive / Stable,Healthcare
MRK,0.0013452477316366618,210298765312,0.4,0.01284966254863184,1,Low-Risk / Defensive / Stable,Healthcare
META,0.0018660182964077296,1789159669760,1.284,0.016092433783664702,2,Blue-Chip / Moderate Risk,Communication Services
MET,-0.000585131568665955,52510535680,0.832,0.015333315131272804,1,Low-Risk / Defensive / Stable,Financial Services
MTD,0.0012234783411172619,26207111168,1.374,0.011376860858628607,0,Aggressive / Underperforming,Healthcare
MCHP,-0.0028290895800448987,38495019008,1.506,0.028984704814274682,0,Aggressive / Underperforming,Technology
MU,-0.004462180212756418,122119462912,1.349,0.04234471298220022,0,Aggressive / Underperforming,Technology
MSFT,0.0005846951262293116,3749043765248,1.033,0.011683222685784863,2,Blue-Chip / Moderate Risk,Technology
MAA,-0.000750579184886533,18325200896,0.751,0.010872081279813163,1,Low-Risk / Defensive / Stable,Real Estate
MRNA,0.0040254583079757005,13524368384,1.847,0.03963617660217428,3,Speculative / High-Risk High-Reward,Healthcare
MHK,-0.005459383135177153,7298451968,1.186,0.01748241834740606,0,Aggressive / Underperforming,Consumer Cyclical
MOH,-0.00037468391726039086,10244341760,0.554,0.019237055052078334,1,Low-Risk / Defensive / Stable,Healthcare
TAP,-0.0026014717366269944,10498850816,0.687,0.009205393623617135,1,Low-Risk / Defensive / Stable,Consumer Defensive
MDLZ,-0.002291775086987152,90786299904,0.491,0.010468051259157056,1,Low-Risk / Defensive / Stable,Consumer Defensive
MPWR,0.0011174633501856133,34200682496,1.202,0.026236337825722364,0,Aggressive / Underperforming,Technology
MNST,0.0003570560574330341,57588277248,0.589,0.01074706227008929,1,Low-Risk / Defensive / Stable,Consumer Defensive
MCO,6.35608671541333e-05,91973509120,1.378,0.01186629778592368,0,Aggressive / Underperforming,Financial Services
MS,-0.0021410097007056286,225118257152,1.3,0.014323846753335085,0,Aggressive / Underperforming,Financial Services
MOS,-0.0020927571792634394,11769270272,1.131,0.02173084067072973,0,Aggressive / Underperforming,Basic Materials
MSI,-0.0017992544235305161,70688923648,0.955,0.009777958935838018,1,Low-Risk / Defensive / Stable,Technology
MSCI,0.00034342584586672824,41306054656,0.8944185632958236,0.010956096506874928,1,Low-Risk / Defensive / Stable,Financial Services
NDAQ,-0.0005208121311345364,50993512448,1.018,0.009912079848811255,1,Low-Risk / Defensive / Stable,Financial Services
NTAP,-0.0003229185667661611,21202731008,1.415,0.02423231731458209,0,Aggressive / Underperforming,Technology
NFLX,0.002619383550901072,500676820992,1.596,0.016345974595622106,0,Aggressive / Underperforming,Communication Services
NEM,-0.0029694116356255794,68722180096,0.348,0.018574345132294917,1,Low-Risk / Defensive / Stable,Basic Materials
NWSA,-0.0012822087925614088,17476401152,1.244,0.00878025163884744,0,Aggressive / Underperforming,Communication Services
NWS,-0.0013524063958398468,17478598656,1.244,0.008743621477164018,0,Aggressive / Underperforming,Communication Services
NEE,-0.0018765725690523087,150650552320,0.66,0.010845057468386425,1,Low-Risk / Defensive / Stable,Utilities
NKE,-0.00026358167311428266,112776085504,1.254,0.014333101905460076,0,Aggressive / Underperforming,Consumer Cyclical
NI,0.00017273552527030406,19623608320,0.545,0.00857985414775586,1,Low-Risk / Defensive / Stable,Utilities
NDSN,-0.006563947857971983,12447497216,0.888,0.019973635523818214,0,Aggressive / Underperforming,Industrials
NSC,-0.0035736011514672867,62954582016,1.303,0.013608814215883025,0,Aggressive / Underperforming,Industrials
NTRS,-0.001390418263676822,23895226368,1.272,0.012597717431841876,0,Aggressive / Underperforming,Financial Services
NOC,-0.0015692786140065246,80937336832,0.03713621205773175,0.009450693244026922,1,Low-Risk / Defensive / Stable,Industrials
NCLH,-0.0008821231159769902,10868580352,2.14,0.025994380124711884,0,Aggressive / Underperforming,Consumer Cyclical
NRG,-0.0007200193941690289,31453648896,1.124,0.02596169575055411,0,Aggressive / Underperforming,Utilities
NUE,-0.0075508713842565595,33544273920,1.717,0.01937834936844218,0,Aggressive / Underperforming,Basic Materials
NVDA,-0.0018538535212653678,4125162471424,2.131,0.02251956374878276,2,Blue-Chip / Moderate Risk,Technology
NVR,-0.003285054870009595,23429994496,0.991,0.01345225833694709,1,Low-Risk / Defensive / Stable,Consumer Cyclical
NXPI,-0.0012906990864135126,56899624960,1.8721363011449348,0.017772776891184113,0,Aggressive / Underperforming,Technology
ORLY,-0.0007661341250097255,81030471680,0.583,0.009806227015375497,1,Low-Risk / Defensive / Stable,Consumer Cyclical
OXY,-0.00022480565077185067,43637243904,0.846,0.015636023639111152,1,Low-Risk / Defensive / Stable,Energy
ODFL,-0.006644713596078031,35352555520,1.258,0.015814219660152,0,Aggressive / Underperforming,Industrials
OMC,-0.003681935180443919,14946698240,0.936,0.023195672199581283,0,Aggressive / Underperforming,Communication Services
ON,-0.0008920037161977853,24667750400,1.431,0.025210472834039953,0,Aggressive / Underperforming,Technology
OKE,-0.0029863135616552414,50978713600,0.919,0.018307402583119397,1,Low-Risk / Defensive / Stable,Energy
ORCL,-0.0032561958973939178,679203176448,1.394,0.0204691459349264,0,Aggressive / Underperforming,Technology
OTIS,-0.0022577428517902795,35659067392,0.972,0.009972450229517987,1,Low-Risk / Defensive / Stable,Industrials
PCAR,-0.0015977796210084078,53553692672,0.8688226149692652,0.012846800826319948,1,Low-Risk / Defensive / Stable,Industrials
PKG,-0.0013612583023822368,18640257024,0.842,0.008914365939941141,1,Low-Risk / Defensive / Stable,Consumer Cyclical
PLTR,0.004656307909304619,357608947712,2.593,0.03510319281485329,3,Speculative / High-Risk High-Reward,Technology
PANW,-0.0020496864290181576,132466229248,0.971,0.0209663961806097,0,Aggressive / Underperforming,Technology
PARA,-0.0010406089652387513,9275582464,1.213,0.021007337720010327,0,Aggressive / Underperforming,Communication Services
PH,-0.0031425387845578617,92970631168,1.333,0.010227013401890722,0,Aggressive / Underperforming,Industrials
PAYX,-0.0006450727946457171,52409270272,0.874,0.010202984345679752,1,Low-Risk / Defensive / Stable,Technology
PAYC,-0.0022862973110623452,13216202752,0.778,0.02318955464913502,1,Low-Risk / Defensive / Stable,Technology
PYPL,-0.00018693952336949933,74787790848,1.452,0.018339811596950157,0,Aggressive / Underperforming,Financial Services
PNR,-0.0017044734864927085,16923248640,1.155442535014728,0.011302384794453767,0,Aggressive / Underperforming,Industrials
PEP,-0.0011252495682943602,199652950016,0.461,0.00927786896645469,1,Low-Risk / Defensive / Stable,Consumer Defensive
PFE,0.00224775344733053,144607379456,0.496,0.015061696819327026,1,Low-Risk / Defensive / Stable,Healthcare
PCG,-0.0013496893422356546,30108217344,0.552,0.013761325915223697,1,Low-Risk / Defensive / Stable,Utilities
PM,-0.0018393472940170966,255736233984,0.16675959183426098,0.011094443811838236,1,Low-Risk / Defensive / Stable,Consumer Defensive
PSX,-0.004336747674110403,51933954048,0.998,0.01636478952262638,0,Aggressive / Underperforming,Energy
PNW,-0.0026847210493879023,11160224768,0.419,0.009752114021080146,1,Low-Risk / Defensive / Stable,Utilities
PNC,-0.0024695243064318277,77504921600,1.075,0.010477969676147841,1,Low-Risk / Defensive / Stable,Financial Services
POOL,-0.0017595048753814653,11957709824,1.101,0.017895896000318125,0,Aggressive / Underperforming,Industrials
PPG,-0.0008486023580791584,26515220480,1.15,0.010971766114748356,1,Low-Risk / Defensive / Stable,Basic Materials
PPL,-0.0009892017817378425,26960220160,0.653,0.009148667363383612,1,Low-Risk / Defensive / Stable,Utilities
PFG,-0.003443477324380069,18098939904,0.988,0.012584783301190835,1,Low-Risk / Defensive / Stable,Financial Services
PG,-0.00037368148809606,371070337024,0.403,0.009135698672813473,1,Low-Risk / Defensive / Stable,Consumer Defensive
PGR,-0.0021768379948358604,144662429696,0.371,0.013826605781069944,1,Low-Risk / Defensive / Stable,Financial Services
PLD,-0.0020605589120688945,101867716608,1.246,0.015887638931179764,0,Aggressive / Underperforming,Real Estate
PRU,-0.0020682392493899895,37353050112,1.042,0.01275781665001235,1,Low-Risk / Defensive / Stable,Financial Services
PEG,-0.0015013810050106774,43198259200,0.5,0.012045805348823447,1,Low-Risk / Defensive / Stable,Utilities
PTC,-0.0010949237944869684,24079560704,1.173,0.012545200747069619,0,Aggressive / Underperforming,Technology
PSA,-0.0034283476477963465,50699563008,0.853,0.015502651439803396,1,Low-Risk / Defensive / Stable,Real Estate
PHM,-0.005554926870668178,23956037632,0.7371018170186392,0.017973098364827828,1,Low-Risk / Defensive / Stable,Consumer Cyclical
PWR,-0.00075910025141662,59576000512,1.078,0.017295430666546298,0,Aggressive / Underperforming,Industrials
QCOM,-0.001286481317528116,174933360640,1.266,0.019534869861964,0,Aggressive / Underperforming,Technology
DGX,-0.002052263246821369,19007811584,0.3235094245516995,0.009662024198152628,1,Low-Risk / Defensive / Stable,Healthcare
RL,0.00355068610760578,17783019520,1.503,0.016305024444405444,0,Aggressive / Underperforming,Consumer Cyclical
RJF,-0.001128761689319087,32492644352,1.038,0.012048350837216006,1,Low-Risk / Defensive / Stable,Financial Services
RTX,-0.0007997538067594665,206952005632,0.5851245660434043,0.01076229435988306,1,Low-Risk / Defensive / Stable,Industrials
O,-0.0017459853328009615,52170932224,0.762,0.010558532668400704,1,Low-Risk / Defensive / Stable,Real Estate
REG,0.00043521630417907113,13010976768,1.006,0.009843844770662424,1,Low-Risk / Defensive / Stable,Real Estate
REGN,-0.0020190303282382658,61996957696,0.324,0.01543502561398178,1,Low-Risk / Defensive / Stable,Healthcare
RF,-0.0034927800188787133,23530080256,0.99,0.014593558540640853,1,Low-Risk / Defensive / Stable,Financial Services
RSG,-0.0011176783041703525,75663335424,0.619,0.007610090575074189,1,Low-Risk / Defensive / Stable,Industrials
RMD,-0.0008703718928460373,39655276544,0.774,0.016159923771042275,1,Low-Risk / Defensive / Stable,Healthcare
RVTY,0.000630117371824958,11805859840,0.98,0.014600816606371659,1,Low-Risk / Defensive / Stable,Healthcare
ROK,0.00011098955444525803,40197906432,1.37,0.014783819336227745,0,Aggressive / Underperforming,Industrials
ROL,-0.0024666699103279093,26747613184,0.751,0.009170165959528201,1,Low-Risk / Defensive / Stable,Consumer Cyclical
ROP,-0.0017718200641026521,60482560000,1.02,0.009287813724715844,1,Low-Risk / Defensive / Stable,Technology
ROST,0.002495517673377176,44733501440,1.116,0.014426533477016414,0,Aggressive / Underperforming,Consumer Cyclical
RCL,-3.819592173983988e-05,96420093952,2.177,0.017437497519792306,0,Aggressive / Underperforming,Consumer Cyclical
SPGI,-0.0002918829026188036,160999374848,1.187,0.008686697492682015,1,Low-Risk / Defensive / Stable,Financial Services
CRM,0.0009547990014174611,256155435008,1.366,0.025173413391650287,0,Aggressive / Underperforming,Technology
SBAC,-0.0027143591996657257,25473599488,0.775,0.012900794135128145,1,Low-Risk / Defensive / Stable,Real Estate
SLB,-0.00375212079517278,52678324224,1.017,0.01362450642728852,1,Low-Risk / Defensive / Stable,Energy
STX,-0.003573226616726048,32046272512,1.47,0.015840838699346833,0,Aggressive / Underperforming,Technology
SRE,-0.0014300896843094616,51586646016,0.637,0.010231324656710507,1,Low-Risk / Defensive / Stable,Utilities
NOW,0.0015685489281454703,198758203392,0.946,0.019079301547964764,0,Aggressive / Underperforming,Technology
SHW,-0.0036256683251583736,85974941696,0.7562529434595394,0.013756834313779106,1,Low-Risk / Defensive / Stable,Basic Materials
SPG,-0.0011417415109539419,62465683456,1.461,0.012698193285152608,0,Aggressive / Underperforming,Real Estate
SWKS,0.002195226311144198,10958665728,1.167,0.013188757389483406,0,Aggressive / Underperforming,Technology
SJM,0.0009829945815042602,11590682624,0.292,0.017645304258470385,1,Low-Risk / Defensive / Stable,Consumer Defensive
SW,0.0013901421022551805,24993982464,1.002,0.017527812495890697,0,Aggressive / Underperforming,Consumer Cyclical
SNA,-0.0014830080004672515,17182103552,0.744,0.009536499572350608,1,Low-Risk / Defensive / Stable,Industrials
SOLV,-0.0007089308139872905,12889467904,0.9873533439120749,0.010839846553665985,1,Low-Risk / Defensive / Stable,Healthcare
SO,-0.001923496720989762,104655675392,0.365,0.009608849424982495,1,Low-Risk / Defensive / Stable,Utilities
LUV,0.00120209442042341,21412714496,1.204,0.013167513291573217,0,Aggressive / Underperforming,Industrials
SWK,-0.001770324382020518,11508326400,1.172,0.01689738086281695,0,Aggressive / Underperforming,Industrials
SBUX,-0.0025213658630861657,109111443456,1.004,0.01580989970137894,1,Low-Risk / Defensive / Stable,Consumer Cyclical
STT,0.0009193347941474065,31376123904,1.474,0.012524846031202169,0,Aggressive / Underperforming,Financial Services
STLD,-0.006551882473117286,19729534976,1.253565815165531,0.015696599090608297,0,Aggressive / Underperforming,Basic Materials
STE,-0.0021935264470642657,22041991168,0.924,0.011487474868994586,1,Low-Risk / Defensive / Stable,Healthcare
SYK,-0.0025929120664441433,152095932416,0.922,0.010645441242067306,1,Low-Risk / Defensive / Stable,Healthcare
SMCI,0.016499499550683343,30691364864,1.425,0.09661045297463322,3,Speculative / High-Risk High-Reward,Technology
SYF,1.0256105944122454e-05,26728454144,1.6429743307290026,0.015255043533768855,0,Aggressive / Underperforming,Financial Services
SNPS,-0.0023459742229200537,112788946944,1.123,0.0288889718154326,0,Aggressive / Underperforming,Technology
SYY,0.0006648812617483211,39267336192,0.817,0.012516406760096424,1,Low-Risk / Defensive / Stable,Consumer Defensive
TMUS,-0.002054606577384713,263288143872,0.611,0.016181261756842247,1,Low-Risk / Defensive / Stable,Communication Services
TROW,-0.0012900219216974737,23610165248,1.506,0.012967891802614194,0,Aggressive / Underperforming,Financial Services
TTWO,0.0011908015444676676,41786023936,1.035,0.012117288837671403,1,Low-Risk / Defensive / Stable,Communication Services
TPR,0.004596466647948436,22449211392,1.485,0.017356094010244256,0,Aggressive / Underperforming,Consumer Cyclical
TRGP,-0.0031243374513251635,35647348736,1.077,0.019833639967309257,0,Aggressive / Underperforming,Energy
TGT,-0.0036974285896407572,48880697344,1.214,0.047704628183918456,0,Aggressive / Underperforming,Consumer Defensive
TEL,-0.001087059626253312,59279745024,1.221,0.01069739355246604,0,Aggressive / Underperforming,Technology
TDY,-0.00042956946071944955,25168596992,1.044,0.010160488633156517,1,Low-Risk / Defensive / Stable,Technology
TER,0.006870443959238067,14760244224,1.695,0.020047184110933702,3,Speculative / High-Risk High-Reward,Technology
TSLA,0.007681675956806336,1064946040832,2.398,0.03821813075207343,3,Speculative / High-Risk High-Reward,Consumer Cyclical
TXN,-0.0023356529918597243,172191776768,1.016,0.013559024910251927,1,Low-Risk / Defensive / Stable,Technology
TPL,-0.006857542321294759,21573580800,1.092,0.04720611202940305,0,Aggressive / Underperforming,Energy
TXT,-0.0034728441246445496,15822438400,1.169,0.014075538209307823,0,Aggressive / Underperforming,Industrials
TMO,0.00048607770836968974,179364397056,0.772,0.011388076678139384,1,Low-Risk / Defensive / Stable,Healthcare
TJX,0.0002325780288312709,141404831744,0.881,0.010027616776538888,1,Low-Risk / Defensive / Stable,Consumer Cyclical
TKO,0.005848772352298997,13667365888,0.8954016514253659,0.02037541992530681,3,Speculative / High-Risk High-Reward,Communication Services
TTD,-0.0001753802263074917,41044983808,1.362,0.022074621678462043,0,Aggressive / Underperforming,Communication Services
TSCO,-0.0011464876009111107,31242211328,0.748,0.01700602154510288,1,Low-Risk / Defensive / Stable,Consumer Cyclical
TT,-0.0032081918292279003,102389792768,1.156,0.010413902210032465,1,Low-Risk / Defensive / Stable,Industrials
TRV,-0.002510451141048988,59641376768,0.519,0.011949843184601258,1,Low-Risk / Defensive / Stable,Financial Services
TRMB,1.887547885131294e-05,19948259328,1.674,0.011527782702725142,0,Aggressive / Underperforming,Technology
TFC,-0.0023509477914111033,58978988032,0.83,0.013161595624462733,1,Low-Risk / Defensive / Stable,Financial Services
TYL,-0.0011622127427403386,24278206464,0.848,0.013358803954157264,1,Low-Risk / Defensive / Stable,Technology
TSN,-0.003511381867381211,19425437696,0.577,0.008280353738036072,1,Low-Risk / Defensive / Stable,Consumer Defensive
USB,-0.0010650394357466265,72097841152,1.015,0.013839809055441793,1,Low-Risk / Defensive / Stable,Financial Services
UBER,-0.0064738176418918675,190641520640,1.395,0.026723078328932538,0,Aggressive / Underperforming,Technology
UDR,-0.0006840201284577222,15483226112,0.819,0.010787438335522077,1,Low-Risk / Defensive / Stable,Real Estate
ULTA,0.005827401547021529,22647189504,1.077,0.02734570517050227,3,Speculative / High-Risk High-Reward,Consumer Cyclical
UNP,-0.0008911173206824,137317900288,1.049,0.011956253467741223,1,Low-Risk / Defensive / Stable,Industrials
UAL,0.00210051613566396,29482272768,1.42,0.021726762136410196,0,Aggressive / Underperforming,Industrials
UPS,-0.0016351526979340794,87693385728,1.186,0.014539684561037599,0,Aggressive / Underperforming,Industrials
URI,-0.00570751657495866,52406980608,1.695,0.017059151853250763,0,Aggressive / Underperforming,Industrials
UNH,-0.005126900737045064,260884381696,0.457,0.02461130421749074,1,Low-Risk / Defensive / Stable,Healthcare
UHS,-0.003866910102426241,10578084864,1.285,0.013064465882700453,0,Aggressive / Underperforming,Healthcare
VLO,-0.004212534963898043,46136811520,0.967,0.014771226047706306,1,Low-Risk / Defensive / Stable,Energy
VTR,-0.002307379914647634,30358827008,0.89,0.01107258022626824,1,Low-Risk / Defensive / Stable,Real Estate
VLTO,-0.0002345776837072469,25331392512,0.7275638052965234,0.011194455981906439,1,Low-Risk / Defensive / Stable,Industrials
VRSN,0.00448972434698165,27202830336,0.778,0.01702302173396455,1,Low-Risk / Defensive / Stable,Technology
VRSK,-0.0005980400194724227,41607098368,0.862,0.0072067920418456876,1,Low-Risk / Defensive / Stable,Industrials
VZ,-0.001355731140880073,179928465408,0.372,0.011251047987257448,1,Low-Risk / Defensive / Stable,Communication Services
VRTX,-0.004844992601005954,122808025088,0.413,0.02718416944469758,1,Low-Risk / Defensive / Stable,Healthcare
VTRS,-0.0006989234947663808,11038459904,0.889,0.013581612164131823,1,Low-Risk / Defensive / Stable,Healthcare
VICI,-0.0022253488697495413,35241275392,0.721,0.011357158943723723,1,Low-Risk / Defensive / Stable,Real Estate
V,0.0006819492081444938,693492514816,0.922,0.00939380706053917,1,Low-Risk / Defensive / Stable,Financial Services
VST,-0.000965074957441829,67839254528,1.279,0.03665488810851105,0,Aggressive / Underperforming,Utilities
VMC,-0.0027414727544145616,35415760896,0.817,0.01084369083269224,1,Low-Risk / Defensive / Stable,Basic Materials
WRB,-0.0009214145126734152,25887334400,0.28696301783629424,0.010049466464206834,1,Low-Risk / Defensive / Stable,Financial Services
GWW,-0.00371527135549731,50167336960,1.18,0.008972466254240549,1,Low-Risk / Defensive / Stable,Industrials
WAB,-0.0009669044975919885,36598718464,1.119,0.012346754551486594,0,Aggressive / Underperforming,Industrials
WBA,0.0041816349204782995,9988574208,0.748,0.04408527648671415,3,Speculative / High-Risk High-Reward,Healthcare
WMT,0.002403852536239283,762808434688,0.677,0.013019200729518194,1,Low-Risk / Defensive / Stable,Consumer Defensive
DIS,-0.000950929354223862,221177184256,1.561,0.008792633456601282,0,Aggressive / Underperforming,Communication Services
WBD,0.004554823482661767,32707207168,1.544,0.03536273099047728,3,Speculative / High-Risk High-Reward,Communication Services
WM,-0.002448521209058477,91620253696,0.642,0.008056353249085664,1,Low-Risk / Defensive / Stable,Industrials
WAT,0.0011443709482429555,17734604800,1.101,0.016781476772001255,0,Aggressive / Underperforming,Healthcare
WEC,-0.0013681072525742472,34839859200,0.424,0.008252309537628053,1,Low-Risk / Defensive / Stable,Utilities
WFC,-0.0018910394737823657,268708315136,1.157,0.012969023091000518,0,Aggressive / Underperforming,Financial Services
WELL,-0.002542730979808458,105077006336,0.904,0.01133403442837342,1,Low-Risk / Defensive / Stable,Real Estate
WST,0.001357297172733768,16222691328,1.088,0.014504889349996001,0,Aggressive / Underperforming,Healthcare
WDC,-0.0017265420525407814,24130148352,1.592,0.025458955679231367,0,Aggressive / Underperforming,Technology
WY,-0.002932590042024372,18947758080,1.152,0.01621391144774797,0,Aggressive / Underperforming,Real Estate
WSM,0.011626878945170798,22436065280,1.455,0.04920340959110113,3,Speculative / High-Risk High-Reward,Consumer Cyclical
WMB,-0.0011759162110598566,70250815488,0.676,0.015460358028426349,1,Low-Risk / Defensive / Stable,Energy
WTW,0.00015662587630718093,30721566720,0.687,0.012768478304062154,1,Low-Risk / Defensive / Stable,Financial Services
WDAY,-0.00017779944189596838,64854810624,1.21,0.02348024787234759,0,Aggressive / Underperforming,Technology
WYNN,-0.0017264047930604543,11253669888,1.364,0.01840099165350493,0,Aggressive / Underperforming,Consumer Cyclical
XEL,-0.0009442360629444525,41766150144,0.372,0.00944637255968606,1,Low-Risk / Defensive / Stable,Utilities
XYL,-0.0015219213852269064,32059062272,1.115,0.014520437920032164,0,Aggressive / Underperforming,Industrials
YUM,0.00030305706969469524,41088786432,0.733,0.00975421762717638,1,Low-Risk / Defensive / Stable,Consumer Cyclical
ZBRA,2.6765576892443025e-05,17054497792,1.751,0.013578145591981863,0,Aggressive / Underperforming,Technology
ZBH,-0.002037271414031508,19168503808,0.71,0.009932999864376475,1,Low-Risk / Defensive / Stable,Healthcare
ZTS,-0.002408836533794531,68061171712,0.911,0.010657225524077316,1,Low-Risk / Defensive / Stable,Healthcare
