,ticker,currentPrice,beta,marketCap,volume,dividendYield,sector
0,MMM,149.235,1.079,79487041536,1739892,1.99,Industrials
1,AOS,70.705,1.203,9907892224,700033,1.92,Industrials
2,ABT,128.26,0.732,223151865856,1964467,1.84,Healthcare
3,ABBV,191.56,0.481,338371575808,4907833,3.47,Healthcare
4,ACN,269.41,1.293,167802830848,2081175,2.16,Technology
5,ADBE,356.67,1.509,151299424256,2371014,0.0,Technology
6,AMD,177.7164,2.045,288149372928,47809666,0.0,Technology
7,AES,13.09,0.941,9319072768,5237778,5.38,Utilities
8,AFL,99.7,0.798,53902303232,926276,2.35,Financial Services
9,A,116.915,1.232,33211459584,776952,0.84,Healthcare
10,APD,287.205,0.866,63915745280,802292,2.47,Communication Services
11,ABNB,133.14,1.135,82175737856,1529209,0.0,Consumer Cyclical
12,AKAM,77.635,0.775,11050255360,553153,0.0,Technology
13,ALB,68.29,1.63,8035069952,3856141,2.35,Communication Services
14,ARE,77.09,1.266,13160881152,478003,6.77,Real Estate
15,ALGN,130.0122,1.635,9423908864,9270213,0.0,Healthcare
16,ALLE,165.795,1.025,14232920064,445711,1.24,Industrials
17,LNT,64.87,0.56,16663546880,625160,3.12,Utilities
18,ALL,205.4,0.325,54393614336,2049943,2.08,Financial Services
19,GOOGL,192.79,1.005,2336441237504,31473667,0.43,Communication Services
20,GOOG,193.77,1.005,2337505542144,16360153,0.43,Communication Services
21,MO,61.91,0.624,104001994752,4783755,6.63,Consumer Defensive
22,AMZN,234.43,1.337,2488802476032,50298746,0.0,Consumer Cyclical
23,AMCR,9.38,0.727,21492768768,10965516,5.35,Consumer Cyclical
24,AEE,100.82,0.495,27333511168,598557,2.84,Utilities
25,AEP,112.96,0.0834483493367021,60410441728,2029099,3.28,Utilities
26,AXP,300.2775,1.258,208957702144,1220921,1.08,Financial Services
27,AIG,78.04,0.648,44976791552,1649011,2.33,Financial Services
28,AMT,208.51,0.828,97635016704,1015842,3.26,Real Estate
29,AWK,140.13,0.682,27327033344,752054,2.37,Utilities
30,AMP,518.555,1.221,48951590912,249694,1.23,Financial Services
31,AME,186.63,1.097,43088949248,1728596,0.7,Industrials
32,AMGN,299.275,0.48,160921960448,596334,3.16,Healthcare
33,APH,107.64,1.139,131419832320,8043952,0.63,Technology
34,ADI,224.56,1.018,111444893696,1249845,1.71,Technology
35,AON,357.14,0.839,77009035264,567394,0.84,Financial Services
36,APA,19.31,1.25,6967916544,3522606,5.13,Energy
37,APO,145.48,1.572,83140943872,1003855,1.4,Financial Services
38,AAPL,208.78,1.199,3118076788736,28950435,0.5,Technology
39,AMAT,179.59,1.688,144120610816,5417245,0.97,Technology
40,ACGL,85.975,0.491,32275013632,1412951,0.0,Financial Services
41,ADM,54.51,0.673,26189328384,910881,3.7,Consumer Defensive
42,ANET,124.61,1.404,156500197376,9261916,0.0,Technology
43,AJG,289.5525,0.713,74140778496,1227840,0.91,Financial Services
44,AIZ,188.64,0.585,9564481536,184350,1.73,Financial Services
45,T,27.558,0.609,197050449920,14516674,4.04,Communication Services
46,ATO,156.155,0.692,24803190784,240616,2.23,Utilities
47,ADSK,306.2,1.444,65509957632,431382,0.0,Technology
48,ADP,311.785,0.6216674771747444,126560706560,685899,1.98,Technology
49,AZO,3809.08,0.389,63720955904,72175,0.0,Consumer Cyclical
50,AVB,189.02,0.856,26910400512,776101,3.57,Real Estate
51,AVY,168.5,0.874,13139899392,296882,2.23,Consumer Cyclical
52,AXON,761.06,1.288,59249131520,232200,0.0,Industrials
53,BKR,45.25,0.894,44611022848,2758598,2.02,Energy
54,BALL,57.345,1.085,15908534272,996583,1.38,Consumer Cyclical
55,BAC,47.575,1.31,353800060928,15833725,2.34,Financial Services
56,BAX,22.545,0.609,11569530880,23737236,2.42,Healthcare
57,BDX,180.846,0.277,51831730176,1148826,2.29,Healthcare
58,BRK-B,475.95,0.818,1026876506112,2264703,0.0,Financial Services
59,BBY,65.28,1.261,13796732928,1135533,5.78,Consumer Cyclical
60,TECH,56.07,1.384,8789925888,1234582,0.55,Healthcare
61,BIIB,128.075,0.141,18766573568,1728383,0.0,Healthcare
62,BLK,1109.31,1.424,171721195520,169620,1.87,Financial Services
63,BX,172.82,1.64,212592803840,1255571,2.43,Financial Services
64,XYZ,77.59,2.742,47719321600,3332319,0.0,Technology
65,BK,101.94,1.066,71892271104,956930,2.07,Financial Services
66,BKNG,5538.375,1.406,179498172416,148441,0.68,Consumer Cyclical
67,BSX,105.865,0.681,156621963264,2466284,0.0,Healthcare
68,BMY,43.52,0.371,88587026432,24586282,5.39,Healthcare
69,AVGO,293.87,1.138,1382208765952,12003323,0.78,Technology
70,BR,248.09,0.955,29141395456,203565,1.43,Technology
71,BRO,91.56,0.82,30200424448,2216185,0.65,Financial Services
72,BF-B,28.63,0.55,13505228800,1581899,3.08,Consumer Defensive
73,BLDR,124.38,1.695,13745855488,2427764,0.0,Industrials
74,BG,80.37,0.653,16075366400,1285247,3.49,Consumer Defensive
75,BXP,65.87,1.174,11644827648,628327,5.57,Real Estate
76,CHRW,115.305,0.897,13690277888,3184850,2.54,Industrials
77,CDNS,367.21,0.988,100061044736,1422074,0.0,Technology
78,CZR,26.92,2.298,5599144448,7646430,0.0,Consumer Cyclical
79,CPT,109.9797,0.78,11750010880,773609,3.75,Real Estate
80,CPB,31.93,0.08,9519290368,2504252,4.86,Consumer Defensive
81,COF,215.0225,1.149,137506897920,1490678,1.12,Financial Services
82,CAH,158.19,0.689,37756313600,433711,1.29,Healthcare
83,KMX,57.39,1.379,8612631552,2261615,0.0,Consumer Cyclical
84,CARR,68.91,1.312,58643996672,3674962,1.32,Industrials
85,CAT,439.515,1.38,206710505472,1592443,1.39,Industrials
86,CBOE,242.223,0.424,25363898368,338419,1.04,Financial Services
87,CBRE,156.24,1.304,46575927296,557024,0.0,Real Estate
88,CDW,176.72,0.927,23271372800,474617,1.39,Technology
89,COR,290.37,0.568,56280387584,360655,0.75,Healthcare
90,CNC,25.865,0.442,12703155200,9534134,0.0,Healthcare
91,CNP,38.915,0.562,25406242816,2940750,2.29,Utilities
92,CF,92.135,0.941,14926791680,572082,2.16,Communication Services
93,CRL,172.365,1.498,8465827840,221725,0.0,Healthcare
94,SCHW,98.25,0.926,178517295104,2892559,1.1,Financial Services
95,CHTR,271.62,1.078,37100847104,2071637,0.0,Communication Services
96,CVX,151.915,0.803,308878114816,3962620,4.45,Energy
97,CMG,43.12,1.079,57818742784,12443748,0.0,Consumer Cyclical
98,CB,266.7275,0.537,106341588992,1042825,1.46,Financial Services
99,CHD,94.72,0.501,23327356928,1455466,1.23,Consumer Defensive
100,CI,275.7,0.454,73651331072,2597563,2.03,Healthcare
101,CINF,148.5842,0.768,23235002368,287568,2.33,Financial Services
102,CTAS,223.92,1.042,90234830848,406283,0.81,Industrials
103,CSCO,68.215,0.899,270131380224,7602625,2.4,Technology
104,C,94.65,1.329,174241185792,5770268,2.5,Financial Services
105,CFG,47.85,1.089,20707995648,1511698,3.45,Financial Services
106,CLX,126.1,0.504,15542203392,800199,3.87,Consumer Defensive
107,CME,280.03,0.455,100917207040,683785,1.8,Financial Services
108,CMS,72.895,0.37,21804642304,1507729,3.01,Utilities
109,KO,68.27,0.45,293811519488,6565341,2.97,Consumer Defensive
110,CTSH,72.37,0.952,35674214400,4594541,1.69,Technology
111,COIN,384.5,3.712,97934065664,6017493,0.0,Financial Services
112,CL,84.432,0.371,68425379840,3796672,2.42,Consumer Defensive
113,CMCSA,33.495,0.947,125060284416,22549491,4.06,Communication Services
114,CAG,18.375,0.107,8773015552,5798208,7.56,Consumer Defensive
115,COP,95.72,0.623,120837881856,2143345,3.23,Energy
116,ED,103.03,0.242,37121298432,580929,3.31,Utilities
117,STZ,168.06,0.664,29632505856,1132331,2.38,Consumer Defensive
118,CEG,347.39,1.141,108877930496,1374839,0.45,Utilities
119,CPRT,46.0,1.071,44479057920,1935026,0.0,Industrials
120,GLW,62.73,1.097,53663694848,3345682,1.79,Technology
121,CPAY,325.0175,0.957,22911588352,167467,0.0,Technology
122,CTVA,72.03,0.755,49136701440,1567369,1.0,Communication Services
123,CSGP,95.62,0.89,40509411328,1109461,0.0,Real Estate
124,COST,940.9871,0.961,417306148864,1370396,0.56,Consumer Defensive
125,CTRA,24.3,0.331,18547240960,2679020,3.62,Energy
126,CRWD,458.3,1.157,114230353920,1491494,0.0,Technology
127,CCI,105.14,0.898,45784158208,1326970,3.97,Real Estate
128,CSX,35.17,1.23,65566728192,7469575,1.47,Industrials
129,CMI,368.715,1.019,50792337408,274118,2.19,Industrials
130,CVS,62.83,0.576,79481208832,15964553,4.27,Healthcare
131,DHR,200.27,0.801,143403728896,2652606,0.63,Healthcare
132,DRI,202.93,0.737,23749707776,428052,2.95,Consumer Cyclical
133,DDOG,141.0,1.026,48694771712,7041774,0.0,Technology
134,DVA,141.43,1.106,10688855040,201850,0.0,Healthcare
135,DAY,58.295,1.087,9320261632,404457,0.0,Technology
136,DECK,106.93,0.991,15862318080,1738198,0.0,Consumer Cyclical
137,DE,524.2476,1.085,141980418048,765903,1.28,Industrials
138,DELL,133.745,1.098,90462707712,1846053,1.57,Technology
139,DAL,53.405,1.491,34870685696,3319431,1.4,Industrials
140,DVN,33.24,1.06,21343404032,2666067,2.84,Energy
141,DXCM,81.865,1.448,32099840000,4987145,0.0,Healthcare
142,FANG,148.5,1.024,43386949632,893378,3.47,Energy
143,DLR,177.09,0.968,61387186176,813902,2.75,Real Estate
144,DG,105.4563,0.315,23207874560,1487843,2.24,Consumer Defensive
145,DLTR,113.32,0.862,23649431552,1181437,0.0,Consumer Defensive
146,D,58.07,0.551,49521569792,4089108,4.58,Utilities
147,DPZ,467.985,1.093,15887575040,346299,1.46,Consumer Cyclical
148,DASH,250.79,1.703,106270752768,1147003,0.0,Consumer Cyclical
149,DOV,181.98,1.259,24955643904,318793,1.13,Industrials
150,DOW,23.355,0.857,16555052032,11216446,5.85,Communication Services
151,DHI,143.33,1.377,42730115072,1499721,1.12,Consumer Cyclical
152,DTE,137.52,0.438,28547502080,721219,3.22,Utilities
153,DUK,121.355,0.353,94324031488,2250691,3.54,Utilities
154,DD,72.06,1.024,30157037568,1030435,2.27,Communication Services
155,EMN,72.595,1.235,8381818880,896883,4.52,Communication Services
156,ETN,387.85,1.156,151765712896,1174997,1.07,Industrials
157,EBAY,92.36,1.249,42563551232,12940401,1.5,Consumer Cyclical
158,ECL,264.495,1.035,74987765760,530924,0.99,Communication Services
159,EIX,51.57,0.754,19842279424,2060847,6.4,Utilities
160,EW,79.555,1.109,46666964992,2045843,0.0,Healthcare
161,EA,152.7,0.733,38369234944,1153004,0.49,Communication Services
162,ELV,284.95,0.612,64164474880,1494592,2.33,Healthcare
163,EMR,145.875,1.283,82054684672,1287591,1.44,Industrials
164,ENPH,32.2848,1.666,4221270016,3584630,0.0,Technology
165,ETR,90.25,0.573,40288411648,1243031,2.69,Utilities
166,EOG,120.52,0.776,65778249728,1241597,3.37,Energy
167,EPAM,159.635,1.701,9043752960,214371,0.0,Technology
168,EQT,53.8216,0.654,33587748864,3658553,1.18,Energy
169,EFX,241.86,1.604,29796425728,519339,0.83,Industrials
170,EQIX,789.84,0.915,77261365248,420299,2.35,Real Estate
171,EQR,63.95,0.897,25043331072,2378956,4.24,Real Estate
172,ERIE,355.52,0.34,18590105600,42255,1.55,Financial Services
173,ESS,262.99,0.791,18164297728,492540,3.83,Real Estate
174,EL,94.65,1.167,34050527232,1818750,1.49,Consumer Defensive
175,EG,337.8325,0.504,14369603584,381286,2.41,Financial Services
176,EVRG,70.61,0.476,16246726656,623993,3.81,Utilities
177,ES,65.79,0.636,24170258432,1013805,4.56,Utilities
178,EXC,44.67,0.467,45096148992,5036008,3.62,Utilities
179,EXE,104.07,0.464,24783853568,1842836,3.06,Energy
180,EXPE,180.5525,1.577,22952015872,479552,0.89,Consumer Cyclical
181,EXPD,116.145,1.057,15905824768,1000456,1.38,Industrials
182,EXR,136.5075,1.108,30245283840,1766933,4.34,Real Estate
183,XOM,111.88,0.469,482162540544,6819151,3.54,Energy
184,FFIV,315.335,1.002,18110193664,979714,0.0,Technology
185,FDS,406.515,0.834,15369031680,463561,1.08,Financial Services
186,FAST,46.35,0.958,53193113600,2561442,1.9,Industrials
187,FRT,92.39,1.107,8025725440,302012,4.7,Real Estate
188,FDX,224.595,1.356,52981739520,900149,2.59,Industrials
189,FIS,80.195,1.073,42134052864,926551,1.98,Technology
190,FITB,41.95,0.925,28010436608,1545554,3.51,Financial Services
191,FSLR,172.65,1.515,18515675136,1565035,0.0,Technology
192,FE,42.375,0.365,24456984576,2301508,4.26,Utilities
193,FI,140.305,0.915,76268814336,2551057,0.0,Technology
194,F,11.005,1.501,43761930240,65909178,6.9,Consumer Cyclical
195,FTNT,100.77,1.063,77130964992,1759845,0.0,Technology
196,FTV,48.58,1.0555930959778057,16511467520,1799955,0.64,Technology
197,FOXA,55.69,0.522,23977105408,958941,0.97,Communication Services
198,FOX,51.04,0.522,23910862848,329129,1.06,Communication Services
199,BEN,24.095,1.47,12662427648,2677289,5.27,Financial Services
200,FCX,40.5,1.642,56699998208,16301736,1.53,Communication Services
201,GRMN,218.47,1.2459897671432902,42064429056,553511,1.63,Technology
202,IT,340.725,1.191,26224545792,317687,0.0,Technology
203,GE,271.055,1.379,287437553664,2031783,0.53,Industrials
204,GEHC,71.89,1.4066434858743226,32917352448,3206613,0.2,Healthcare
205,GEV,663.44,1.6362986204339616,180604289024,2196401,0.15,Industrials
206,GEN,29.59,1.006,18217852928,1056103,1.68,Technology
207,GNRC,196.175,1.725,11590333440,2010413,0.0,Industrials
208,GD,310.905,0.472,83631267840,494270,1.92,Industrials
209,GIS,49.045,0.004,26603382784,2948426,4.96,Consumer Defensive
210,GM,53.38,1.323,50812403712,9034564,1.15,Consumer Cyclical
211,GPC,129.01,0.751,17944258560,697102,3.12,Consumer Cyclical
212,GILD,113.865,0.307,141640089600,2525243,2.75,Healthcare
213,GPN,80.92,0.945,19734769664,652107,1.23,Industrials
214,GL,140.7409,0.561,11617162240,218635,0.77,Financial Services
215,GDDY,162.5,1.055,23154300928,664975,0.0,Technology
216,GS,726.46,1.344,222907711488,1130706,2.19,Financial Services
217,HAL,22.345,1.136,19051390976,6701417,3.04,Energy
218,HIG,124.975,0.685,35139469312,485694,1.67,Financial Services
219,HAS,75.195,0.58,10536999936,613345,3.68,Consumer Cyclical
220,HCA,355.505,1.48,85525258240,549910,0.81,Healthcare
221,DOC,16.975,1.006,11796318208,3582930,7.09,Real Estate
222,HSIC,68.61,0.868,8576592896,791462,0.0,Healthcare
223,HSY,186.935,0.287,37873778688,865735,2.9,Consumer Defensive
224,HPE,20.935,1.364,27471325184,4618559,2.49,Technology
225,HLT,268.27,1.25,63095492608,805046,0.22,Consumer Cyclical
226,HOLX,66.7,0.555,14863760384,1645280,0.0,Healthcare
227,HD,368.695,1.004,366824980480,1200456,2.47,Consumer Cyclical
228,HON,222.715,1.063,141401096192,1043781,2.03,Industrials
229,HRL,28.01,0.33,15402558464,871836,4.1,Consumer Defensive
230,HST,15.765,1.332,11084561408,12035656,4.96,Real Estate
231,HWM,176.06,1.43,71070842880,5013622,0.25,Industrials
232,HPQ,25.035,1.291,23514699776,3336769,4.61,Technology
233,HUBB,442.02,0.981,23591755776,326105,1.21,Industrials
234,HUM,251.59,0.3192070277123291,30365151232,1511619,1.35,Healthcare
235,HBAN,16.5465,0.952,24255348736,24507297,3.74,Financial Services
236,HII,282.78,0.3,11096032256,1236830,2.09,Industrials
237,IBM,256.5,0.68,238934622208,2305592,2.58,Technology
238,IEX,164.34,1.036,12414999552,591796,1.73,Industrials
239,IDXX,541.66,1.54,43561324544,543049,0.0,Healthcare
240,ITW,256.555,0.8808830975568096,75264516096,712220,2.37,Industrials
241,INCY,75.645,0.683,14771652608,749826,0.0,Healthcare
242,IR,85.45,1.428,34475913216,1260410,0.09,Industrials
243,PODD,291.58,1.347,20519911424,233923,0.0,Healthcare
244,ICE,186.6,1.119,107038613504,2315203,1.03,Financial Services
245,IFF,71.16,1.054,18202017792,821312,2.23,Communication Services
246,IP,47.78,0.974,25223157760,7627899,3.45,Consumer Cyclical
247,IPG,24.645,1.042,9026625536,2960592,5.31,Communication Services
248,INTU,791.43,1.277,220767027200,675042,0.52,Technology
249,ISRG,488.92,1.647,175266578432,1166359,0.0,Healthcare
250,IVZ,21.185,1.443,9448509440,2106894,3.91,Financial Services
251,INVH,31.0899,0.799,19056523264,3703071,3.7,Real Estate
252,IQV,188.27,1.307,32005900288,825080,0.0,Healthcare
253,IRM,97.815,1.102,28859729920,394697,3.21,Real Estate
254,JBHT,144.52,1.29,13989434368,436926,1.22,Industrials
255,JBL,223.07,1.202,23939649536,533180,0.14,Technology
256,JKHY,171.36,0.722,12477750272,197385,1.34,Technology
257,J,142.09,0.761,17072965632,336478,0.91,Industrials
258,JNJ,166.035,0.4,399868723200,3107191,3.11,Healthcare
259,JCI,105.35,1.33,69325250560,3121096,1.42,Industrials
260,JPM,296.735,1.094,815923265536,3543583,1.87,Financial Services
261,K,79.87,0.289,27710019584,1764227,2.91,Consumer Defensive
262,KVUE,21.725,0.783,41710047232,5633293,3.83,Consumer Defensive
263,KDP,33.035,0.484,44876062720,4704393,2.72,Consumer Defensive
264,KEY,18.04,1.088,20068599808,26345415,4.52,Financial Services
265,KEYS,165.31,1.096,28451336192,238048,0.0,Technology
266,KMB,125.4479,0.364,41625620480,1031968,4.02,Consumer Defensive
267,KIM,21.545,1.26,14575106048,3314836,4.57,Real Estate
268,KMI,27.995,0.751,62207131648,6312966,4.18,Energy
269,KKR,146.46,1.882,135506264064,2735859,0.49,Financial Services
270,KLAC,887.59,1.416,117375795200,1067839,0.82,Technology
271,KHC,27.565,0.2969478163723314,32624279552,8679600,5.62,Consumer Defensive
272,KR,69.695,0.579,46079266816,5259131,2.02,Consumer Defensive
273,LHX,274.15,0.749,51292094464,409388,1.75,Industrials
274,LH,261.68,0.799,21693272064,208132,1.09,Healthcare
275,LRCX,94.435,1.69,120793694208,16762570,0.93,Technology
276,LW,56.89,0.448,7924833280,1147490,2.52,Consumer Defensive
277,LVS,52.45,1.026,36004511744,1542619,1.89,Consumer Cyclical
278,LDOS,160.73,0.654,20689004544,327198,0.99,Technology
279,LEN,112.88,1.347,29076420608,1000598,1.78,Consumer Cyclical
280,LII,612.3,1.132,21506609152,133149,0.84,Industrials
281,LLY,756.0,0.398,678688391168,2710139,0.79,Healthcare
282,LIN,462.1628,0.965,217551126528,707849,1.29,Communication Services
283,LYV,149.275,1.456,34597765120,934503,0.0,Communication Services
284,LKQ,29.57,0.941,7608153600,2123178,3.98,Consumer Cyclical
285,LMT,420.355,0.276,98138177536,960307,3.15,Industrials
286,L,90.96,0.701,19074037760,183443,0.28,Financial Services
287,LOW,224.48,0.905,125807124480,938314,2.11,Consumer Cyclical
288,LULU,202.1881,1.176,24232445952,2507935,0.0,Consumer Cyclical
289,LYB,57.8458,0.839,18591639552,3621931,9.31,Communication Services
290,MTB,190.045,0.617,29748123648,269191,2.82,Financial Services
291,MPC,170.04,0.86,52238667776,431141,2.13,Energy
292,MKTX,207.4175,0.844,7778508800,155089,1.45,Financial Services
293,MAR,265.01,1.411,72585183232,776350,0.99,Consumer Cyclical
294,MMC,199.79,0.796,98221555712,1120605,1.79,Financial Services
295,MLM,569.42,0.872,34327711744,255965,0.55,Communication Services
296,MAS,68.07,1.187,14358821888,2820191,1.89,Industrials
297,MA,574.435,1.025,521634086912,2044361,0.54,Financial Services
298,MTCH,34.27,1.362,8403860480,2162193,2.22,Communication Services
299,MKC,70.985,0.685,19049250816,803872,2.52,Consumer Defensive
300,MCD,301.695,0.527,215721885696,1225660,2.33,Consumer Cyclical
301,MCK,706.6,0.48,88257167360,352137,0.4,Healthcare
302,MDT,91.26,0.82,116927791104,2904752,3.1,Healthcare
303,MRK,79.455,0.4,199513899008,6987550,3.96,Healthcare
304,META,776.505,1.284,1952389922816,28975848,0.3,Communication Services
305,MET,76.195,0.832,51149549568,1972220,3.04,Financial Services
306,MTD,1256.32,1.374,26109845504,151004,0.0,Healthcare
307,MCHP,67.66,1.506,36514414592,3341700,2.59,Technology
308,MU,109.095,1.349,122091487232,17285575,0.4,Technology
309,MSFT,534.77,1.033,3974699679744,33757696,0.65,Technology
310,MAA,144.44,0.751,17349844992,755897,4.07,Real Estate
311,MRNA,30.09,1.847,11637067776,7511533,0.0,Healthcare
312,MHK,114.74,1.186,7129014272,318317,0.0,Consumer Cyclical
313,MOH,157.81,0.554,8553302016,612866,0.0,Healthcare
314,TAP,48.8,0.687,9879901184,1053663,3.81,Consumer Defensive
315,MDLZ,65.145,0.491,84294369280,5555337,3.07,Consumer Defensive
316,MPWR,719.705,1.202,34459475968,570351,0.85,Technology
317,MNST,60.03,0.589,58544017408,2977564,0.0,Consumer Defensive
318,MCO,514.815,1.378,92336709632,356301,0.73,Financial Services
319,MS,142.75,1.3,228114497536,2525045,2.76,Financial Services
320,MOS,35.85,1.131,11372731392,1293526,2.43,Communication Services
321,MSI,440.92,0.955,73596608512,483004,1.0,Technology
322,MSCI,569.345,1.315,44047486976,438671,1.29,Financial Services
323,NDAQ,96.5833,1.018,55419015168,1360628,1.13,Financial Services
324,NTAP,105.27,1.415,21064421376,362729,1.99,Technology
325,NFLX,1171.795,1.596,497926209536,1648462,0.0,Communication Services
326,NEM,61.9952,0.348,68098629632,4665998,1.6,Communication Services
327,NWSA,29.355,1.244,17384118272,1057118,0.68,Communication Services
328,NWS,33.51,1.244,17346383872,382825,0.6,Communication Services
329,NEE,70.74,0.66,145674174464,3547701,3.19,Utilities
330,NKE,75.05,1.254,110841348096,7897821,2.09,Consumer Cyclical
331,NI,42.38,0.545,19948394496,1116694,2.64,Utilities
332,NDSN,216.26,0.888,12220614656,118164,1.45,Industrials
333,NSC,278.28,1.303,62433230848,1520109,1.94,Industrials
334,NTRS,130.765,1.272,24931655680,318774,2.43,Financial Services
335,NOC,574.825,0.149,82305171456,204246,1.61,Industrials
336,NCLH,25.381,2.14,11340408832,30214430,0.0,Consumer Cyclical
337,NRG,167.17,1.124,32683407360,1707510,1.06,Utilities
338,NUE,143.19,1.717,33041238016,728555,1.54,Communication Services
339,NVDA,178.715,2.131,4358429999104,134199629,0.02,Technology
340,NVR,7536.03,0.991,20923936768,6613,0.0,Consumer Cyclical
341,NXPI,214.82,1.412,54159347712,790574,1.84,Technology
342,ORLY,99.07,0.583,84096655360,1452518,0.0,Consumer Cyclical
343,OXY,44.17,0.846,43469152256,3660348,2.16,Energy
344,ODFL,148.13,1.2036966497799426,31303571456,2035310,0.76,Industrials
345,OMC,72.13,0.936,13973239808,1313565,3.85,Communication Services
346,ON,56.195,1.431,23483047936,4156955,0.0,Technology
347,OKE,82.41,0.919,51475927040,1089152,5.01,Energy
348,ORCL,257.315,1.394,722754076672,9771976,0.8,Technology
349,OTIS,85.93,0.972,33725378560,1613683,1.94,Industrials
350,PCAR,98.91,0.944,51923697664,971323,1.33,Industrials
351,PKG,193.92,0.842,17448921088,455414,2.52,Consumer Cyclical
352,PLTR,158.105,2.593,373113552896,29048789,0.0,Technology
353,PANW,175.5072,0.971,117028200448,19815107,0.0,Technology
354,PARA,12.26,1.213,8640002048,7415526,1.5,Communication Services
355,PH,731.65,1.333,93488775168,173652,0.98,Industrials
356,PAYX,145.49,0.874,52411899904,705601,2.96,Technology
357,PAYC,234.105,0.778,13113976832,216701,0.64,Technology
358,PYPL,69.095,1.452,66011844608,9545097,0.0,Financial Services
359,PNR,102.29,1.094,16768502784,642024,0.99,Industrials
360,PEP,139.14,0.461,190493802496,4189275,3.98,Consumer Defensive
361,PFE,23.635,0.496,134373720064,29868815,7.22,Healthcare
362,PCG,13.865,0.552,30470834176,23799123,0.71,Utilities
363,PM,164.285,0.535,255724388352,3075511,3.33,Consumer Defensive
364,PSX,123.7,0.998,49990135808,931573,3.86,Energy
365,PNW,90.1,0.419,10757850112,360159,4.0,Utilities
366,PNC,191.42,1.075,75416797184,533240,3.53,Financial Services
367,POOL,307.06,1.101,11543982080,158887,1.6,Industrials
368,PPG,106.035,1.15,24067295232,1589849,2.67,Communication Services
369,PPL,35.795,0.653,26461954048,3558423,3.02,Utilities
370,PFG,77.82,0.988,17369423872,486484,4.07,Financial Services
371,PG,150.95,0.403,353524908032,5516204,2.77,Consumer Defensive
372,PGR,243.0288,0.371,142463483904,1475443,2.03,Financial Services
373,PLD,107.41,1.246,99683246080,1535176,3.72,Real Estate
374,PRU,104.175,1.042,36878680064,1397110,5.31,Financial Services
375,PEG,89.77,0.5,44795052032,733010,2.84,Utilities
376,PTC,216.44,1.173,25961545728,1395956,0.0,Technology
377,PSA,273.32,0.853,47948804096,780038,4.16,Real Estate
378,PHM,113.02,1.299,22298619904,633276,0.78,Consumer Cyclical
379,PWR,402.83,1.078,59699003392,1609963,0.1,Industrials
380,QCOM,146.76,1.266,161142472704,14170337,2.24,Technology
381,DGX,168.86,0.493,18882430976,332278,1.9,Healthcare
382,RL,301.54,1.503,18265182208,213279,1.2,Consumer Cyclical
383,RJF,168.11,1.038,33621999616,276111,1.18,Financial Services
384,RTX,157.37,0.626,210646040576,2073833,1.72,Industrials
385,O,56.425,0.762,50956288000,2677897,5.68,Real Estate
386,REG,71.735,0.6002360046805773,13100462080,421121,3.9,Real Estate
387,REGN,552.48,0.324,59648499712,475271,0.63,Healthcare
388,RF,25.525,0.99,22819350528,9392517,4.12,Financial Services
389,RSG,231.37,0.619,72237416448,1064612,1.08,Industrials
390,RMD,275.95,0.774,40461725696,586611,0.76,Healthcare
391,RVTY,89.97,0.98,10604764160,473941,0.31,Healthcare
392,ROK,352.56,1.37,39739154432,467464,1.49,Industrials
393,ROL,57.44,0.751,27837720576,617402,1.15,Consumer Cyclical
394,ROP,552.0,1.02,59348279296,323718,0.6,Technology
395,ROST,137.07,1.116,44831625216,809810,1.17,Consumer Cyclical
396,RCL,320.94,2.177,87176290304,1558847,0.91,Consumer Cyclical
397,SPGI,551.03,1.187,168991539200,1188428,0.73,Financial Services
398,CRM,259.84,1.366,248407031808,3212087,0.63,Technology
399,SBAC,225.02,0.775,24177274880,340184,1.96,Real Estate
400,SLB,34.19,1.017,51000348672,6273698,3.34,Energy
401,STX,155.94,1.47,33215219712,4245612,1.95,Technology
402,SRE,81.41,0.637,53093158912,1281411,3.18,Utilities
403,NOW,947.71,0.946,196667850752,1155566,0.0,Technology
404,SHW,331.985,1.182,82774810624,803467,0.95,Communication Services
405,SPG,164.28,1.461,61956395008,486646,5.08,Real Estate
406,SWKS,69.1,1.167,10373913600,796581,3.93,Technology
407,SJM,107.56,0.292,11474930688,662432,4.03,Consumer Defensive
408,SW,44.81,1.002,23391401984,2656584,3.64,Consumer Cyclical
409,SNA,323.34,0.744,16866513920,65466,2.66,Industrials
410,SOLV,72.37,1.0015318990417312,12520950784,229515,0.0,Healthcare
411,SO,93.95,0.365,103362846720,4809880,3.12,Utilities
412,LUV,31.01,1.204,16286080000,6149334,2.34,Industrials
413,SWK,67.935,1.172,10515793920,1201675,4.9,Industrials
414,SBUX,91.33,1.004,103814815744,8276767,2.63,Consumer Cyclical
415,STT,112.26,1.474,32057188352,546992,2.97,Financial Services
416,STLD,128.035,1.381,19007307776,554104,1.57,Communication Services
417,STE,228.675,0.924,22494988288,263133,0.99,Healthcare
418,SYK,398.55,0.922,152311857152,924452,0.84,Healthcare
419,SMCI,60.13,1.425,35886665728,30372477,0.0,Technology
420,SYF,70.51,1.452,26233808896,1229801,1.71,Financial Services
421,SNPS,638.67,1.123,118182051840,512969,0.0,Technology
422,SYY,79.69,0.817,38051655680,1035364,2.7,Consumer Defensive
423,TMUS,238.77,0.611,268716539904,1727997,1.46,Communication Services
424,TROW,102.14,1.506,22503075840,1108880,4.89,Financial Services
425,TTWO,222.95,1.035,41126920192,715262,0.0,Communication Services
426,TPR,108.1,1.485,22451288064,1543953,1.29,Consumer Cyclical
427,TRGP,167.38,1.077,36310077440,361889,2.39,Energy
428,TGT,101.2003,1.214,45981978624,2057616,4.36,Consumer Defensive
429,TEL,206.77,1.221,61096812544,631478,1.37,Technology
430,TDY,554.27,1.044,25988890624,113587,0.0,Technology
431,TER,108.615,1.695,17424017408,4767795,0.45,Technology
432,TSLA,310.02,2.398,999953989632,52724622,0.0,Consumer Cyclical
433,TXN,181.22,1.016,164753817600,3765715,2.87,Technology
434,TPL,968.04,1.092,22252625920,46296,0.65,Energy
435,TXT,77.35,1.169,13784156160,767194,0.1,Industrials
436,TMO,477.1,0.772,180102397952,1801336,0.36,Healthcare
437,TJX,124.79,0.881,139218223104,1589229,1.35,Consumer Cyclical
438,TKO,168.79,0.8970181722975117,13798160384,251846,0.91,Communication Services
439,TTD,87.52,1.362,42790764544,4271633,0.0,Communication Services
440,TSCO,57.62,0.748,30550296576,1481464,1.59,Consumer Cyclical
441,TT,438.64,1.156,97824620544,1016343,0.87,Industrials
442,TRV,261.81,0.519,58942332928,497144,1.7,Financial Services
443,TRMB,84.42,1.674,20141514752,549787,0.0,Technology
444,TFC,43.97,0.83,56696676352,2630391,4.7,Financial Services
445,TYL,570.36,0.848,24595918848,604740,0.0,Technology
446,TSN,52.52,0.577,18709409792,1097127,3.78,Consumer Defensive
447,USB,45.065,1.015,70212616192,5626925,4.36,Financial Services
448,UBER,88.21,1.395,184462114816,9685824,0.0,Technology
449,UDR,39.61,0.819,14932811776,2798279,4.32,Real Estate
450,ULTA,518.175,1.077,23289686016,190130,0.0,Consumer Cyclical
451,UNP,222.29,1.049,131826860032,2673879,2.45,Industrials
452,UAL,88.71,1.42,28718266368,3197019,0.0,Industrials
453,UPS,86.23,1.186,73019392000,8696089,7.52,Industrials
454,URI,884.61,1.695,56916869120,194046,0.81,Industrials
455,UNH,253.4435,0.457,229908725760,17963789,3.32,Healthcare
456,UHS,167.74,1.285,10809233408,606230,0.48,Healthcare
457,VLO,137.265,0.967,42641645568,1540829,3.24,Energy
458,VTR,67.205,0.89,30334724096,2424731,2.89,Real Estate
459,VLTO,105.34,0.7346139571403812,26141278208,995893,0.42,Industrials
460,VRSN,268.085,0.778,25041442816,842408,1.15,Technology
461,VRSK,276.16,0.3798055890754582,38583697408,922714,0.65,Industrials
462,VZ,42.955,0.372,181112029184,10885079,6.36,Communication Services
463,VRTX,464.84,0.413,119369515008,552079,0.0,Healthcare
464,VTRS,8.88,0.889,10422278144,3188325,5.33,Healthcare
465,VICI,32.735,0.721,34591404032,2979521,5.32,Real Estate
466,V,349.39,0.922,678145097728,3672252,0.67,Financial Services
467,VST,207.63,1.279,70455500800,3518858,0.43,Utilities
468,VMC,270.38,0.817,35718279168,1039586,0.72,Communication Services
469,WRB,69.345,0.417,26308452352,719934,0.52,Financial Services
470,GWW,1040.46,1.18,49982865408,161576,0.87,Industrials
471,WAB,190.015,1.119,32483633152,665514,0.52,Industrials
472,WBA,11.64,0.748,10075130880,1743612,8.6,Healthcare
473,WMT,98.005,0.677,782121041920,6070787,0.96,Consumer Defensive
474,DIS,118.97,1.561,213878325248,2513855,0.84,Communication Services
475,WBD,13.06,1.544,32311355392,30462883,0.0,Communication Services
476,WM,230.465,0.642,92852322304,552132,1.42,Industrials
477,WAT,294.35,1.101,17516503040,743320,0.0,Healthcare
478,WEC,108.86,0.1461656735980213,35038330880,856882,3.29,Utilities
479,WFC,80.8,1.157,260205903872,6501095,2.2,Financial Services
480,WELL,165.73,0.904,110844526592,866118,1.78,Real Estate
481,WST,242.915,1.088,17467361280,235211,0.35,Healthcare
482,WDC,78.49,1.592,27383435264,17257117,0.56,Technology
483,WY,25.25,1.152,18218151936,2463935,3.29,Real Estate
484,WSM,187.0,1.455,23000625152,429067,1.39,Consumer Cyclical
485,WMB,60.05,0.676,73321652224,3057453,3.38,Energy
486,WTW,316.05,0.687,31336292352,414861,1.22,Financial Services
487,WDAY,232.23,1.21,61911588864,2653667,0.0,Technology
488,WYNN,108.95,1.364,11391158272,2644162,0.91,Consumer Cyclical
489,XEL,73.19,0.372,42213142528,1688781,3.15,Utilities
490,XYL,143.015,1.115,34802843648,1688901,1.23,Industrials
491,YUM,145.425,0.733,40423059456,1138707,1.93,Consumer Cyclical
492,ZBRA,349.09,1.751,17752727552,762444,0.0,Technology
493,ZBH,92.62,0.71,18324682752,724566,1.03,Healthcare
494,ZTS,147.105,0.911,65492320256,2004217,1.34,Healthcare
